col1,name,RMS,peak_flux,PFerr,int_flux,IFerr,S/N,redshift_1,W1,W2,W3,W4,W5,W6,UNI_FLAG,MIZ2,FIRST,detection,Quadrant,D_Mpc,D_cm,LD_cm,L_rad,nu_obs_GHz,L_obs,L_1.4GHz,SFR (Msun/yr),L_2500,alpha_ro,TT0,TT1,alpha_MFS,S_2p5GHz,S_3p5GHz,alpha_inband,RAx,DECx,VOFF_CIV_PEAK_1,EW_CIV_1,PLATE_1,MJD_1,FIBER_1,SDSS_NAME,RA,DEC,REDSHIFT_2,PLATE_2,FIBER_2,MJD_2,TARGET_FLAG_TARGET,NSPECOBS,UNIFORM_TARGET,MI_Z2,LOGLBOL,LOGLBOL_ERR,BAL_FLAG,FIRST_FR_TYPE,FINT_REST6CM_MJY_OBS,LOGFNU2500A_ERGS_OBS,R_6CM_2500A,LOGL5100,LOGL5100_ERR,LOGL3000,LOGL3000_ERR,LOGL1350,LOGL1350_ERR,LOGL_BROAD_HA,LOGL_BROAD_HA_ERR,FWHM_BROAD_HA,FWHM_BROAD_HA_ERR,EW_BROAD_HA,EW_BROAD_HA_ERR,LOGL_NARROW_HA,LOGL_NARROW_HA_ERR,FWHM_NARROW_HA,FWHM_NARROW_HA_ERR,EW_NARROW_HA,EW_NARROW_HA_ERR,LOGL_NII_6585,LOGL_NII_6585_ERR,EW_NII_6585,EW_NII_6585_ERR,LOGL_SII_6718,LOGL_SII_6718_ERR,EW_SII_6718,EW_SII_6718_ERR,LOGL_SII_6732,LOGL_SII_6732_ERR,EW_SII_6732,EW_SII_6732_ERR,EW_FE_HA,EW_FE_HA_ERR,ALPHA_HA,ALPHA_HA_ERR,LINE_NPIX_HA,LINE_MED_SN_HA,LINE_REDCHI2_HA,LOGL_BROAD_HB,LOGL_BROAD_HB_ERR,FWHM_BROAD_HB,FWHM_BROAD_HB_ERR,EW_BROAD_HB,EW_BROAD_HB_ERR,LOGL_NARROW_HB,LOGL_NARROW_HB_ERR,FWHM_NARROW_HB,FWHM_NARROW_HB_ERR,EW_NARROW_HB,EW_NARROW_HB_ERR,FWHM_BROAD_HB_1GAUSS,LOGL_OIII_4959,LOGL_OIII_4959_ERR,EW_OIII_4959,EW_OIII_4959_ERR,LOGL_OIII_5007,LOGL_OIII_5007_ERR,EW_OIII_5007,EW_OIII_5007_ERR,EW_FE_HB_4434_4684,EW_FE_HB_4434_4684_ERR,ALPHA_HB,ALPHA_HB_ERR,LINE_NPIX_HB,LINE_MED_SN_HB,LINE_REDCHI2_HB,LOGL_MGII,LOGL_MGII_ERR,FWHM_MGII,FWHM_MGII_ERR,EW_MGII,EW_MGII_ERR,LOGL_BROAD_MGII,LOGL_BROAD_MGII_ERR,FWHM_BROAD_MGII,FWHM_BROAD_MGII_ERR,EW_BROAD_MGII,EW_BROAD_MGII_ERR,FWHM_BROAD_MGII_1GAUSS,EW_FE_MGII,EW_FE_MGII_ERR,ALPHA_MGII,ALPHA_MGII_ERR,LINE_NPIX_MGII,LINE_MED_SN_MGII,LINE_REDCHI2_MGII,LOGL_CIV,LOGL_CIV_ERR,FWHM_CIV,FWHM_CIV_ERR,EW_CIV_2,EW_CIV_ERR,ALPHA_CIV,ALPHA_CIV_ERR,LINE_NPIX_CIV,LINE_MED_SN_CIV,LINE_REDCHI2_CIV,VOFF_BROAD_HA,VOFF_BROAD_HA_ERR,VOFF_NARROW_HA,VOFF_NARROW_HA_ERR,VOFF_BROAD_HB,VOFF_BROAD_HB_ERR,VOFF_NARROW_HB,VOFF_NARROW_HB_ERR,VOFF_BROAD_MGII,VOFF_BROAD_MGII_ERR,VOFF_CIV_PEAK_2,VOFF_CIV_PEAK_ERR,LOGBH_HB_MD04,LOGBH_HB_MD04_ERR,LOGBH_HB_VP06,LOGBH_HB_VP06_ERR,LOGBH_MGII_MD04,LOGBH_MGII_MD04_ERR,LOGBH_MGII_VO09,LOGBH_MGII_VO09_ERR,LOGBH_MGII_S10,LOGBH_MGII_S10_ERR,LOGBH_CIV_VP06,LOGBH_CIV_VP06_ERR,LOGBH,LOGBH_ERR,LOGEDD_RATIO,SPECIAL_INTEREST_FLAG,Separation,ICA_CIV_BLUESHIFT,ICA_CIV_EQW,RM_DIST_UNSCALE,RM_DIST_SCALE
2361,SDSSJ101946.98+494848.6,,2570.0,,2175.38,,,1.6513210000000000,0.04285,0.02072,0.01627,0.0018900000000000000,0.00441,0.00834,1.0,-26.6345476434195,1.0,1.0,0,12535.66218,3.868505348748E+28,3.79025859123695E+28,32.1615396155472,3.7118494000000000,25.6664806689867,25.9629042871748,54169.6835869457,30.813009099671100,-0.6431036656368520,,,,,,,154.945784,49.813513,573.151931545886,6.711076842865240,1007,52706,14,101946.98+494848.6,154.945785522461,49.813514709472700,1.64269995689392,1007,14,52706,1048586,1,1,-26.6345476434195,46.6542023515879,0.00575158169355206,0,1,2.42051490535581,-26.8690401217318,17.9039098766481,0.0,-1.0,45.9423951225467,0.00575158169355206,46.222296478545200,0.0120814808660583,0.0,-1.0,0.0,-1.0,0.0,-1.0,0.0,-1.0,0.0,-1.0,0.0,-1.0,0.0,-1.0,0.0,-1.0,0.0,-1.0,0.0,-1.0,0.0,-1.0,0.0,-1.0,0.0,-1.0,-999.0,-1.0,0,0.0,-1.0,0.0,-1.0,0.0,-1.0,0.0,-1.0,0.0,-1.0,0.0,-1.0,0.0,-1.0,0.0,0.0,-1.0,0.0,-1.0,0.0,-1.0,0.0,-1.0,0.0,-1.0,-999.0,-1.0,0,0.0,-1.0,43.743356787747000,0.0318477709861149,2970.29403915786,413.39239310969800,16.2654320367071,1.21189431336396,43.6687628882967,0.0360086779409983,4081.5914569234100,730.459622367966,13.69845867493,1.20123949291208,4715.80380825115,101.138862082605,8.67910095412546,-2.21563777440989,0.041687526941293300,310,12.5468482647456,1.13740971885858,43.870138090019400,0.0692215601688311,5281.90478515625,2399.80541992188,6.711076842865240,1.244487655321,-0.8445173539713110,0.194645781795908,280,10.3586947830839,1.12400910989594,300000.0,-1.0,300000.0,-1.0,300000.0,-1.0,300000.0,-1.0,-1029.64285206147,349.711752702285,573.151931545886,347.527146068954,0.0,-1.0,0.0,-1.0,9.05654641195992,0.0698914545179285,8.77679644863692,0.120920573623265,9.16594404049051,0.155487411570852,9.28339826979639,0.39469073185539,9.16594404049051,0.155487411570852,-0.612112234020223,0,0.00709796016653652,4079.43310015,32.107991934300000,4319.935968795130,5.67397212104383
1204,SDSSJ235321.03-085930.6,,50580.0,,56300.0,,,1.650869,0.02344,0.0297,0.02141,0.02401,-0.00421,-0.00375,0.0,-26.7265813424809,1.0,1.0,1,12531.4193939725,3.86719602497991E+28,3.78898099209964E+28,33.5742558716324,3.711217,26.9602335422055,27.2566053286885,1065264.22026707,30.849822579295700,-1.29926094846028,,,,,,,358.337649,-8.991838000000000,498.30483079099200,45.1714440495944,649,52201,517,235321.03-085930.6,358.337646484375,-8.991838455200200,1.64760005474091,649,517,52201,3145748,1,0,-26.7265813424809,46.69592480561790,0.00945215574012082,0,2,69.0034023156783,-26.9035029808047,552.552420365604,0.0,-1.0,45.9841175765767,0.00945215574012082,46.092303449716800,0.0147358572907237,0.0,-1.0,0.0,-1.0,0.0,-1.0,0.0,-1.0,0.0,-1.0,0.0,-1.0,0.0,-1.0,0.0,-1.0,0.0,-1.0,0.0,-1.0,0.0,-1.0,0.0,-1.0,0.0,-1.0,-999.0,-1.0,0,0.0,-1.0,0.0,-1.0,0.0,-1.0,0.0,-1.0,0.0,-1.0,0.0,-1.0,0.0,-1.0,0.0,0.0,-1.0,0.0,-1.0,0.0,-1.0,0.0,-1.0,0.0,-1.0,-999.0,-1.0,0,0.0,-1.0,43.9417424442722,0.017610784517629,4424.41232438287,495.921084193235,24.8907386991572,0.916207421177276,43.9369716425932,0.0206081182699407,4424.41232438287,525.138201672421,24.618805882806900,1.11214605351209,6181.61936454905,92.3001796813636,18.871626133452500,-1.2835542869098700,0.0293923748119438,310,15.371726984345300,1.06202279901508,44.542346126294,0.0345739268439722,7155.40185546875,537.758544921875,45.1714440495944,4.031647793637300,-1.26029480880489,0.221328973175291,280,9.89927188563634,0.93699561662868,300000.0,-1.0,300000.0,-1.0,300000.0,-1.0,300000.0,-1.0,-358.256708835795,214.57376479036200,498.30483079099200,133.688142607075,0.0,-1.0,0.0,-1.0,9.3175073952186,0.0411794827382391,9.143769975089550,0.0974725621795805,9.26186408427875,0.103260177668266,9.47818888685089,0.0657436561375317,9.26186408427875,0.103260177668266,-0.666309823778441,0,0.009093822635501690,873.196169045,95.54865282850000,1112.8786196527700,3.02983482492551
233,SDSSJ001342.45-002412.6,20.0,182.0,20.0,234.0,43.0,9.1,1.6505610000000000,0.02732,0.02415,0.0263,0.01611,-0.00745,-0.00511,0.0,-27.520969161824400,0.0,1.0,0,12528.5284255751,3.86630387213248E+28,3.78811045683755E+28,31.254936067869800,7.9516830000000000,24.5161265200697,25.0441582358689,6531.4596394509,31.1675777070331,-0.0416605196669278,,,,,,,3.42688,-0.403514,562.460634669891,52.6867149561592,389,51795,274,001342.45-002412.6,3.4268798828125,-0.403513997793198,1.64090001583099,389,274,51795,68,1,0,-27.520969161824400,47.0125793193619,0.00547159760101934,0,0,0.0,-26.634530840031000,-1.0,0.0,-1.0,46.3007720903207,0.00547159760101934,46.082453181903,0.0262541116803483,0.0,-1.0,0.0,-1.0,0.0,-1.0,0.0,-1.0,0.0,-1.0,0.0,-1.0,0.0,-1.0,0.0,-1.0,0.0,-1.0,0.0,-1.0,0.0,-1.0,0.0,-1.0,0.0,-1.0,-999.0,-1.0,0,0.0,-1.0,0.0,-1.0,0.0,-1.0,0.0,-1.0,0.0,-1.0,0.0,-1.0,0.0,-1.0,0.0,0.0,-1.0,0.0,-1.0,0.0,-1.0,0.0,-1.0,0.0,-1.0,-999.0,-1.0,0,0.0,-1.0,44.0878443641114,0.0476001390942784,3847.9553419907600,339.539439837605,17.574652345453600,2.19753126884088,44.0878443641114,0.0500883932555603,3847.9553419907600,335.869810605126,17.574652345453600,2.21166333513038,4145.15442197921,64.07804085353620,9.42229436983805,-0.64020595327927,0.0240396835264146,310,21.712243331475400,4.6994442261211300,44.64181115723770,0.0437229056308794,5417.60498046875,803.681884765625,52.6867149561592,6.6440473889378900,-0.546800459577445,0.316409867359773,280,8.43564785495459,0.883327899215304,300000.0,-1.0,300000.0,-1.0,300000.0,-1.0,300000.0,-1.0,-960.959907751791,188.17178271581000,562.460634669891,106.902756697985,0.0,-1.0,0.0,-1.0,9.166710102771310,0.024684428527499,9.18084609141399,0.0766921676381584,9.336938742252480,0.0758908792508384,9.23131485777082,0.129601138813855,9.336938742252480,0.0758908792508384,-0.42472996800812300,0,0.000421939336792885,1488.88659422,101.160256963,1728.41370142151,3.4862564547755100
293,SDSSJ014023.83+141151.7,25.0,535.0,19.0,526.0,33.0,21.4,1.6503609000000000,0.01581,0.04727,0.00394,0.038440000000000000,0.0028700000000000000,0.00015,0.0,-26.0894882711029,0.0,1.0,1,12526.6502951896,3.86572428109551E+28,3.78754490943218E+28,31.5352657081109,7.9510827000000000,24.9842792281019,25.512287992562,19192.8736467751,30.5949853507445,-0.44841235510032700,,,,667.0,429,-1.31158783107088,25.099303,14.197709,647.980314633542,28.9672849567097,426,51882,514,014023.83+141151.7,25.099302291870100,14.1977090835571,1.65439999103546,426,514,51882,4,1,0,-26.0894882711029,46.514223315613,0.00789737558953618,1,-1,0.0,-27.0369787905783,-1.0,0.0,-1.0,45.802416086571800,0.00789737558953618,46.2118356708002,0.0207836784944533,0.0,-1.0,0.0,-1.0,0.0,-1.0,0.0,-1.0,0.0,-1.0,0.0,-1.0,0.0,-1.0,0.0,-1.0,0.0,-1.0,0.0,-1.0,0.0,-1.0,0.0,-1.0,0.0,-1.0,-999.0,-1.0,0,0.0,-1.0,0.0,-1.0,0.0,-1.0,0.0,-1.0,0.0,-1.0,0.0,-1.0,0.0,-1.0,0.0,0.0,-1.0,0.0,-1.0,0.0,-1.0,0.0,-1.0,0.0,-1.0,-999.0,-1.0,0,0.0,-1.0,44.0287140030251,0.039130070043143,7488.43878484188,494.182093398198,44.16617998552340,4.26339002660527,44.023206554716200,0.037558351184465300,7488.43878484188,491.613429120684,43.6096287614469,4.33002117823108,7759.19370009861,108.852481653356,12.1288581104231,-1.93417935163109,0.0647510136929435,310,10.6452722478416,1.11033107513696,44.41126197063020,0.0392034397117591,7858.216796875,779.729736328125,28.9672849567097,3.1675668678521100,-2.21896802382897,0.305803508482161,280,8.8980580929459,1.23513060707526,300000.0,-1.0,300000.0,-1.0,300000.0,-1.0,300000.0,-1.0,89.8353728601734,521.752631350855,647.980314633542,160.325494603687,0.0,-1.0,0.0,-1.0,9.40228113940989,0.0359983222961615,9.509990611180940,0.0574563549943613,9.606280541569550,0.0572323995969915,9.62292091792379,0.0868866210483042,9.606280541569550,0.0572323995969915,-1.19242777107416,0,0.00248963951957531,172.31587372100000,95.0795336217,414.69197984501300,2.5899685047449
1270,SDSSJ014658.21-091505.2,10.0,30.0,,0.0,,,1.6508549,0.02277,0.03147,0.02065,0.02196,-0.00505,0.00193,0.0,-26.3366662899303,0.0,0.0,0,12531.2870452285,3.86715518215752E+28,3.78894113894526E+28,30.300860712989100,7.9525647,23.7333668359004,24.2614322586962,1077.17005173993,30.6938565582754,0.18741664775711600,,,,,,,26.742564,-9.25147,262.949177464836,35.0665733257263,664,52174,543,014658.21-091505.2,26.742563247680700,-9.25146961212158,1.65160000324249,664,543,52174,1048580,1,0,-26.3366662899303,46.484855357262100,0.00921968194560918,0,0,0.0,-27.0951993991398,-1.0,0.0,-1.0,45.7730481282209,0.00921968194560918,46.0457921269526,0.0251403281556257,0.0,-1.0,0.0,-1.0,0.0,-1.0,0.0,-1.0,0.0,-1.0,0.0,-1.0,0.0,-1.0,0.0,-1.0,0.0,-1.0,0.0,-1.0,0.0,-1.0,0.0,-1.0,0.0,-1.0,-999.0,-1.0,0,0.0,-1.0,0.0,-1.0,0.0,-1.0,0.0,-1.0,0.0,-1.0,0.0,-1.0,0.0,-1.0,0.0,0.0,-1.0,0.0,-1.0,0.0,-1.0,0.0,-1.0,0.0,-1.0,-999.0,-1.0,0,0.0,-1.0,43.793628413007200,0.0355935561556748,4602.0630595680300,1461.07989906733,28.240772896739000,2.69456531640708,43.76822948327540,0.0369159479108951,6846.71561187658,1317.6367904065200,26.636530058698300,2.58708008542567,8015.45391834745,81.51646219829400,14.7431508152651,-1.55269858197585,0.0520731672575091,311,9.97636139565047,1.0501156766614,44.3429265901177,0.045494013402628,4946.650390625,761.512451171875,35.0665733257263,4.86229641743623,-1.91694921429504,0.347403353795334,281,8.096472301678060,0.916169116159992,300000.0,-1.0,300000.0,-1.0,300000.0,-1.0,300000.0,-1.0,489.60350106883800,481.413097950409,262.949177464836,267.352429558927,0.0,-1.0,0.0,-1.0,9.41229606112898,0.0597258259021428,9.072429194659600,0.275801345434302,9.51025441789623,0.167255925180113,9.132892261804330,0.134377221557419,9.51025441789623,0.167255925180113,-1.12576960575166,0,0.0030158578414182,406.58801663300000,97.28951435350000,646.78297361409,2.70444515362159
1281,SDSSJ015720.27-093809.1,15.9,47.7,,0.0,,,1.650784,0.03413,0.02012,0.01647,0.03683,0.00067,-0.00521,0.0,-26.298903173495600,0.0,0.0,0,12530.621550516700,3.86694981048945E+28,3.78874074364669E+28,30.6755687378387,7.952352,23.9347180197479,24.4627753114599,1712.48715687463,30.678751311701600,0.00151774460666271,,,,,,,29.334464,-9.635872,444.83115357612,43.67456815717420,666,52149,298,015720.27-093809.1,29.334463119506800,-9.63587188720703,1.6493999958038300,666,298,52149,4,1,0,-26.298903173495600,46.438008647350400,0.0050411945155453,0,0,0.0,-27.1535363374454,-1.0,0.0,-1.0,45.7262014183092,0.0050411945155453,45.8890821676229,0.0184228755380573,0.0,-1.0,0.0,-1.0,0.0,-1.0,0.0,-1.0,0.0,-1.0,0.0,-1.0,0.0,-1.0,0.0,-1.0,0.0,-1.0,0.0,-1.0,0.0,-1.0,0.0,-1.0,0.0,-1.0,-999.0,-1.0,0,0.0,-1.0,0.0,-1.0,0.0,-1.0,0.0,-1.0,0.0,-1.0,0.0,-1.0,0.0,-1.0,0.0,0.0,-1.0,0.0,-1.0,0.0,-1.0,0.0,-1.0,0.0,-1.0,-999.0,-1.0,0,0.0,-1.0,43.8215850599611,0.0137447219408635,3755.2154249631100,351.32155415736,33.9204707854519,1.14562578528974,43.816281892332600,0.0184822016568766,3755.2154249631100,534.832493627822,33.5087867468189,1.4433109111792200,5197.5611134524,81.6215762740241,7.381520356608240,-1.39413133316295,0.0330694310364749,310,13.551411337790600,1.2793129141258300,44.3219326094722,0.0320405417377891,3952.58862304688,451.797485351563,43.67456815717420,3.9413331202255800,-1.27205482230372,0.266912750716851,280,9.357114792669800,1.04107844409366,300000.0,-1.0,300000.0,-1.0,300000.0,-1.0,300000.0,-1.0,-215.629155818866,187.534144620816,444.83115357612,187.12997186736100,0.0,-1.0,0.0,-1.0,9.00699406669608,0.0313517618284274,8.872370421496290,0.0813004729008954,8.9595145916934,0.123747321201884,8.854976781352250,0.0997623437033632,8.9595145916934,0.123747321201884,-0.621876489460568,0,0.00315132438340658,557.606422808,122.740900851,796.2395779148390,2.63562522585738
7944,SDSSJ081656.84+492438.1,9.3,27.9,,0.0,,,1.650785,0.046690000000000000,0.0008,0.030720000000000000,0.02102,-0.007240000000000000,-0.00474,0.0,-26.1361258215558,0.0,0.0,3,12530.6309368604,3.86695270711512E+28,3.78874357008431E+28,30.269303909100300,7.952355,23.701804491957,24.2298618983543,1001.64519035872,30.6136403709256,0.164211368007797,,,,,,,124.236843,49.410604,423.43900768651600,31.5393278561213,440,51885,552,081656.84+492438.1,124.23683929443400,49.4106025695801,1.646399974823,440,552,51885,1048580,2,0,-26.1361258215558,46.4728617276995,0.00682110133620739,0,0,0.0,-27.114832399872500,-1.0,0.0,-1.0,45.7610544986583,0.00682110133620739,46.015387046663700,0.0186969290904422,0.0,-1.0,0.0,-1.0,0.0,-1.0,0.0,-1.0,0.0,-1.0,0.0,-1.0,0.0,-1.0,0.0,-1.0,0.0,-1.0,0.0,-1.0,0.0,-1.0,0.0,-1.0,0.0,-1.0,-999.0,-1.0,0,0.0,-1.0,0.0,-1.0,0.0,-1.0,0.0,-1.0,0.0,-1.0,0.0,-1.0,0.0,-1.0,0.0,0.0,-1.0,0.0,-1.0,0.0,-1.0,0.0,-1.0,0.0,-1.0,-999.0,-1.0,0,0.0,-1.0,43.776671995018300,0.0260471995157978,2802.84028521499,347.88872668934300,28.1697751858908,1.79340575062979,43.769422039510000,0.0327435511561198,2802.84028521499,1255.72521778552,27.703422506624100,2.07941017613736,5485.21458445942,50.9399862047317,11.796827431442300,-1.42438435685989,0.041947597739236,310,11.3536791222402,1.19700277261171,44.26231429732,0.0277522338776244,4754.9404296875,451.820556640625,31.5393278561213,2.70378908362163,-2.0557660648564700,0.323637826340548,280,8.97566195989299,1.1018248779428800,300000.0,-1.0,300000.0,-1.0,300000.0,-1.0,300000.0,-1.0,-320.736387246662,321.860681427095,423.43900768651600,106.979176709689,0.0,-1.0,0.0,-1.0,9.075391011628120,0.0504848803683191,8.63572395128852,0.107863254158309,8.72705049112752,0.389167188415782,9.082445295587720,0.0831271891144835,8.72705049112752,0.389167188415782,-0.354559308545568,0,0.0100921169452376,1250.74218448,102.881570792,1490.1905603179600,3.28971693709725
4892,SDSSJ082334.60+213917.5,13.0,39.0,,0.0,,,1.6515239000000000,0.03899,0.02024,0.01707,0.016890000000000000,0.007360000000000000,-0.00132,1.0,-27.3155471628648,0.0,0.0,4,12537.566831125400,3.8690931240853E+28,3.79083212092415E+28,30.415184436167000,7.9545717000000000,23.8477435748154,24.3758857103904,1401.96677680659,31.0854089074492,0.319624813236859,,,,,,,125.894208,21.654881,498.30483079099200,25.8463263533121,1927,53321,481,082334.60+213917.5,125.89421081543000,21.6548805236816,1.63909995555878,1927,481,53321,1048578,1,1,-27.3155471628648,46.90502509160270,0.0036753213846729700,0,0,0.0,-26.6652080342351,-1.0,0.0,-1.0,46.193217862561500,0.0036753213846729700,46.5132676065998,0.00661023670809868,0.0,-1.0,0.0,-1.0,0.0,-1.0,0.0,-1.0,0.0,-1.0,0.0,-1.0,0.0,-1.0,0.0,-1.0,0.0,-1.0,0.0,-1.0,0.0,-1.0,0.0,-1.0,0.0,-1.0,-999.0,-1.0,0,0.0,-1.0,0.0,-1.0,0.0,-1.0,0.0,-1.0,0.0,-1.0,0.0,-1.0,0.0,-1.0,0.0,0.0,-1.0,0.0,-1.0,0.0,-1.0,0.0,-1.0,0.0,-1.0,-999.0,-1.0,0,0.0,-1.0,44.1414242509216,0.0112821845262694,2764.8529652118900,363.534127526356,23.827350275574900,0.605961681202395,44.1229631946651,0.0145576869681285,2764.8529652118900,407.377831138879,22.8357191437986,0.809673601380677,3737.77458141166,54.060211198643300,3.17120691371298,-1.60001514817147,0.0306216988823362,310,23.9196692075204,0.963477889012061,44.6713753829634,0.0446564081568397,6474.8828125,398.9931640625,25.8463263533121,2.63501188464286,-2.12047572274796,0.131990200275218,280,20.769526174945600,1.1796154607384,300000.0,-1.0,300000.0,-1.0,300000.0,-1.0,300000.0,-1.0,-1267.59685285113,107.709374884635,498.30483079099200,240.767679477613,0.0,-1.0,0.0,-1.0,9.01017126570569,0.0184839293086298,8.83995301225836,0.114220397992403,8.98313915576573,0.127999563473509,9.61449565674341,0.053638448555431500,8.98313915576573,0.127999563473509,-0.178484609280616,0,0.00957500930839877,2546.01543745,84.6835921004,2785.8567181409300,4.374773201311070
3648,SDSSJ082423.61+260656.3,7.5,22.5,,0.0,,,1.6501319000000000,0.04131,0.00978,0.02814,0.014130000000000000,0.00385,-0.0013,1.0,-26.1578820770274,0.0,0.0,3,12524.5009690226,3.86506099904037E+28,3.78689769854507E+28,30.175510714711,7.9503957000000000,23.6079595281251,24.1359420243086,806.852290002357,30.6223428731143,0.21309076480697900,,,,,,,126.098409,26.115647,712.1040345213810,22.8324434053977,1586,52945,327,082423.61+260656.3,126.09841156005900,26.115646362304700,1.64509999752045,1586,327,52945,2,1,1,-26.1578820770274,46.517092381434500,0.00595731915400322,0,0,0.0,-27.045242970451600,-1.0,0.0,-1.0,45.805285152393300,0.00595731915400322,46.170021172359500,0.0112156461744846,0.0,-1.0,0.0,-1.0,0.0,-1.0,0.0,-1.0,0.0,-1.0,0.0,-1.0,0.0,-1.0,0.0,-1.0,0.0,-1.0,0.0,-1.0,0.0,-1.0,0.0,-1.0,0.0,-1.0,-999.0,-1.0,0,0.0,-1.0,0.0,-1.0,0.0,-1.0,0.0,-1.0,0.0,-1.0,0.0,-1.0,0.0,-1.0,0.0,0.0,-1.0,0.0,-1.0,0.0,-1.0,0.0,-1.0,0.0,-1.0,-999.0,-1.0,0,0.0,-1.0,43.7783759620291,0.058060508557876,2971.81503639981,254.48699790444100,24.9941890180056,3.25929245493603,43.7691673164415,0.0588056273372111,2971.81503639981,295.16574519739,24.4697991280381,3.13675596953636,3299.0084029076400,62.378985118403700,10.6005950200396,-1.73667000220358,0.0495180670670194,310,10.601941364120600,1.4252104580401100,44.258306804433200,0.0574088804340569,5271.5595703125,426.88623046875,22.8324434053977,3.45031240768074,-2.44516786508373,0.180986526278542,280,11.4770166639014,0.921416597422305,300000.0,-1.0,300000.0,-1.0,300000.0,-1.0,300000.0,-1.0,-593.524327064431,134.192477012703,712.1040345213810,347.65133970412,0.0,-1.0,0.0,-1.0,8.66119361628109,0.0464492410238264,8.70868612771245,0.0744399532503122,8.80532034599964,0.0863487704621641,9.25398945844767,0.0705882978079686,8.80532034599964,0.0863487704621641,-0.388598509682716,0,0.00858783494405681,1465.65299327,81.9446442849,1705.60428671527,3.53079314482474
1902,SDSSJ082928.79+401608.4,13.0,39.0,,0.0,,,1.65065,0.01796,0.020380000000000000,0.04228,0.01654,0.00042,-0.0038200000000000000,1.0,-26.2002213282118,0.0,0.0,2,12529.363791219600,3.86656166597037E+28,3.78836200418508E+28,30.4146875325755,7.95195,23.8471774153585,24.3752193388428,1399.81728045126,30.639278573588,0.107105712509961,,,,,,,127.369984,40.269003000000000,359.25339715635900,51.32587790950830,894,52615,524,082928.79+401608.4,127.36998748779300,40.269004821777300,1.64849996566772,894,524,52615,1048578,1,1,-26.2002213282118,46.5059379382417,0.0050593816541706400,0,0,0.0,-27.1093320127925,-1.0,0.0,-1.0,45.794130709200500,0.0050593816541706400,45.9411601853286,0.0174780095239768,0.0,-1.0,0.0,-1.0,0.0,-1.0,0.0,-1.0,0.0,-1.0,0.0,-1.0,0.0,-1.0,0.0,-1.0,0.0,-1.0,0.0,-1.0,0.0,-1.0,0.0,-1.0,0.0,-1.0,-999.0,-1.0,0,0.0,-1.0,0.0,-1.0,0.0,-1.0,0.0,-1.0,0.0,-1.0,0.0,-1.0,0.0,-1.0,0.0,0.0,-1.0,0.0,-1.0,0.0,-1.0,0.0,-1.0,0.0,-1.0,-999.0,-1.0,0,0.0,-1.0,43.726633325425800,0.0305867954603656,3152.51674263018,250.43802004338200,23.8112920438031,1.7630518321705400,43.7228784799414,0.034328476544303,3152.51674263018,294.11774621028300,23.6063105516082,2.18210047438815,3834.0966527577500,54.6924112934435,6.2160345653601100,-1.088992538409,0.0390423247574386,310,11.713301684116400,1.11801931220238,44.3931741248071,0.0343294793668321,3214.2490234375,204.340576171875,51.32587790950830,4.26066548567932,-2.14489331659593,0.278078510783498,281,10.143829372522100,1.19216383940226,300000.0,-1.0,300000.0,-1.0,300000.0,-1.0,300000.0,-1.0,2.54607890998489,133.92902761005000,359.25339715635900,53.4895875012435,0.0,-1.0,0.0,-1.0,8.784837131420390,0.0535095621591725,8.75438015807231,0.0690476386933922,8.849675843176360,0.0810967145624371,8.702973939479060,0.055990710245878,8.849675843176360,0.0810967145624371,-0.444108450052241,0,0.0116102763591791,606.009758121,127.268873835,844.447794781326,2.63567543306642
6463,SDSSJ090502.96+154553.0,12.0,36.0,,0.0,,,1.650998,0.026790000000000000,0.02556,0.02106,0.029230000000000000,0.007090000000000000,-0.0011100000000000000,1.0,-26.173539038832800,0.0,0.0,0,12532.6302551556,3.86756969674102E+28,3.78934560930973E+28,30.380123334947,7.952994,23.8126407990771,24.3407226324671,1292.92890310733,30.6286056578364,0.11849927815116300,,,,,,,136.262365,15.764731,765.529967700955,40.352786724652200,2435,53828,204,090502.96+154553.0,136.262359619141,15.7647314071655,1.65199995040894,2435,204,53828,1048578,1,1,-26.173539038832800,46.451432482959200,0.00813922215673912,0,0,0.0,-27.1372687588732,-1.0,0.0,-1.0,45.739625253918,0.00813922215673912,46.03015974631640,0.0188376228812608,0.0,-1.0,0.0,-1.0,0.0,-1.0,0.0,-1.0,0.0,-1.0,0.0,-1.0,0.0,-1.0,0.0,-1.0,0.0,-1.0,0.0,-1.0,0.0,-1.0,0.0,-1.0,0.0,-1.0,-999.0,-1.0,0,0.0,-1.0,0.0,-1.0,0.0,-1.0,0.0,-1.0,0.0,-1.0,0.0,-1.0,0.0,-1.0,0.0,0.0,-1.0,0.0,-1.0,0.0,-1.0,0.0,-1.0,0.0,-1.0,-999.0,-1.0,0,0.0,-1.0,43.884895063033100,0.0243254178643966,4477.92630491763,519.8854354357790,37.912771111422,2.43823499899865,43.867161488025,0.0311999646375227,4477.92630491763,359.115536675575,36.395857328422100,2.77916635113128,5398.057787818390,90.2948790479998,14.1418594772569,-1.44594358543373,0.0537736714861025,310,10.8974924422942,1.13752915875521,44.3683358653411,0.0366723521692975,4464.1142578125,312.3544921875,40.352786724652200,4.50093276222717,-2.30083088145216,0.263131423346204,280,9.01194453197644,1.06570148610993,300000.0,-1.0,300000.0,-1.0,300000.0,-1.0,300000.0,-1.0,76.5234695268809,186.879246850682,765.529967700955,80.126949731995,0.0,-1.0,0.0,-1.0,9.0481926947437,0.0389100800845223,9.03196651083538,0.100924911051913,9.120721541305530,0.0698406384069347,9.03545526899388,0.0615898546837945,9.120721541305530,0.0698406384069347,-0.769659603463929,0,0.0186999946328421,209.10240855800000,114.69145395700000,448.94368400800600,2.48333446061209
4951,SDSSJ092933.99+300240.8,10.0,86.0,11.0,133.0,26.0,8.6,1.6516540000000000,0.021420000000000000,0.0397,0.00225,0.052990000000000000,-0.01012,-0.0038,1.0,-26.841818951034400,0.0,1.0,2,12538.788118826700,3.86947001346992E+28,3.79119987724049E+28,30.9211037931966,7.9549620000000000,24.1912616785233,24.7194187301351,3092.22254179053,30.8959176227171,-0.0120110878975536,,,,,,,142.391663,30.044674,145.20195624688800,65.8211912300543,1939,53389,538,092933.99+300240.8,142.391662597656,30.044673919677700,1.64919996261597,1939,538,53389,1048579,1,1,-26.841818951034400,46.6956020294635,0.00293101350248293,0,0,0.0,-26.9118599748976,-1.0,0.0,-1.0,45.983794800422300,0.00293101350248293,46.1510984956518,0.0124909540346465,0.0,-1.0,0.0,-1.0,0.0,-1.0,0.0,-1.0,0.0,-1.0,0.0,-1.0,0.0,-1.0,0.0,-1.0,0.0,-1.0,0.0,-1.0,0.0,-1.0,0.0,-1.0,0.0,-1.0,-999.0,-1.0,0,0.0,-1.0,0.0,-1.0,0.0,-1.0,0.0,-1.0,0.0,-1.0,0.0,-1.0,0.0,-1.0,0.0,0.0,-1.0,0.0,-1.0,0.0,-1.0,0.0,-1.0,0.0,-1.0,-999.0,-1.0,0,0.0,-1.0,44.1885410209383,0.0200187837948356,6568.7653329122100,162.921818108726,44.2510484425442,2.24917077493082,44.1819883788425,0.0222297372467288,6568.63471248135,176.053595801579,43.5970520832226,2.36003379429459,6568.63471248135,80.8247204625452,4.79756006129878,-1.19188691711504,0.025990135812228,311,17.5905864100753,1.11746747019488,44.73237971126310,0.035147886773462,8492.59375,706.29541015625,65.8211912300543,5.56897878122561,-1.76839599255436,0.172122105903041,280,12.313199045659500,0.984179465232539,300000.0,-1.0,300000.0,-1.0,300000.0,-1.0,300000.0,-1.0,-49.9289956147636,241.115339058599,145.20195624688800,240.68166855249400,0.0,-1.0,0.0,-1.0,9.37005297666867,0.0183714429186619,9.48686489443174,0.0215929689826466,9.60490299834876,0.0233508782160012,9.658162902212440,0.0725398281342713,9.60490299834876,0.0233508782160012,-1.00967151400287,0,0.0012867302547979700,416.268683696,151.515720092,653.167558724714,2.20758141302992
4953,SDSSJ092959.42+270541.6,9.0,112.8,8.7,163.0,20.0,12.533333333333300,1.651503,0.03306,0.01732,0.02565,0.0241,0.0101,-0.00121,1.0,-27.0290285440164,0.0,1.0,4,12537.3706384349,3.86903257902101E+28,3.79077304302344E+28,31.038951796683800,7.954509,24.3089745308799,24.8371142701901,4054.77053413429,30.970801459909900,-0.0325003630824086,,,,,,,142.497601,27.094903000000000,369.951954497296,34.995243711303100,1940,53383,120,092959.42+270541.6,142.497604370117,27.094903945922900,1.64680004119873,1940,120,53383,1048578,1,1,-27.0290285440164,46.793100583634700,0.00324536112688634,0,0,0.0,-26.7889625423916,-1.0,0.0,-1.0,46.0812933545935,0.00324536112688634,46.3613383241681,0.0101836405606122,0.0,-1.0,0.0,-1.0,0.0,-1.0,0.0,-1.0,0.0,-1.0,0.0,-1.0,0.0,-1.0,0.0,-1.0,0.0,-1.0,0.0,-1.0,0.0,-1.0,0.0,-1.0,0.0,-1.0,-999.0,-1.0,0,0.0,-1.0,0.0,-1.0,0.0,-1.0,0.0,-1.0,0.0,-1.0,0.0,-1.0,0.0,-1.0,0.0,0.0,-1.0,0.0,-1.0,0.0,-1.0,0.0,-1.0,0.0,-1.0,-999.0,-1.0,0,0.0,-1.0,44.1499600289079,0.0114177209220578,3132.82768082732,216.29728829838900,31.6675114770851,0.933568296343736,44.0980192460929,0.0205043801336835,4879.7819021063,298.96364623734300,28.1683693913334,1.55409739840075,4879.7819021063,72.8739890696515,3.95338677687866,-1.49795306292042,0.0273284227992143,311,19.3765442185133,0.959753260451621,44.640546135749400,0.0190479121110521,6459.78955078125,398.341796875,34.995243711303100,2.05675446206207,-2.28547077867177,0.157860551570898,280,14.832220882676300,1.12073689268342,300000.0,-1.0,300000.0,-1.0,300000.0,-1.0,300000.0,-1.0,-502.05507893859400,161.074132828702,369.951954497296,106.979176709689,0.0,-1.0,0.0,-1.0,9.17235268216163,0.0248262377863345,8.89251969219645,0.0599912351255906,9.40720270384172,0.05325280767918,9.531946051073810,0.0538326420649794,9.40720270384172,0.05325280767918,-0.714472665324642,0,0.0113250291289267,1576.01259778,101.43455954300000,1815.5320798116100,3.55528746383425
8181,SDSSJ095648.48+534713.5,7.9,23.7,,0.0,,,1.6514230000000000,0.03044,0.0144,0.032260000000000000,0.024,0.0026900000000000000,-0.00107,1.0,-26.583096999637600,0.0,0.0,3,12536.6196664251,3.86880082905879E+28,3.7905469089364E+28,30.198810817522900,7.9542690000000000,23.6313619610488,24.1594925278791,851.813540788066,30.792428842158400,0.283091797431948,,,,,,,149.202005,53.787094000000000,155.908161509191,38.881997517840000,769,52282,69,095648.48+534713.5,149.202011108398,53.7870941162109,1.64760005474091,769,69,52282,3,2,1,-26.583096999637600,46.54579039866490,0.008110817693786740,0,0,0.0,-27.059374320258700,-1.0,0.0,-1.0,45.8339831696237,0.008110817693786740,45.817451772686000,0.0407664049996264,0.0,-1.0,0.0,-1.0,0.0,-1.0,0.0,-1.0,0.0,-1.0,0.0,-1.0,0.0,-1.0,0.0,-1.0,0.0,-1.0,0.0,-1.0,0.0,-1.0,0.0,-1.0,0.0,-1.0,-999.0,-1.0,0,0.0,-1.0,0.0,-1.0,0.0,-1.0,0.0,-1.0,0.0,-1.0,0.0,-1.0,0.0,-1.0,0.0,0.0,-1.0,0.0,-1.0,0.0,-1.0,0.0,-1.0,0.0,-1.0,-999.0,-1.0,0,0.0,-1.0,43.935935352658500,0.0216941365838466,3218.15859232307,450.46504701943800,34.8778802355297,2.09636220037509,43.9273861245969,0.0373129242810393,3218.15859232307,418.328064708389,34.1980114977956,2.91786472177367,5315.1462344551,66.7614067042705,21.7042640237993,-1.21110111412689,0.055596665649756,310,10.5270815529887,1.16385769812931,44.2325736601706,0.0554129179256897,3329.95776367188,528.529052734375,38.88199751784,6.47010376558445,-0.748428484742623,0.453410934397401,280,5.4689592230185800,1.04404512243831,300000.0,-1.0,300000.0,-1.0,300000.0,-1.0,300000.0,-1.0,-29.9637137204052,187.735270244449,155.908161509191,133.831519756254,0.0,-1.0,0.0,-1.0,9.093249978832040,0.0478195801971177,8.79220646985288,0.121649246535542,8.892284450207720,0.113019708598122,8.668126889646980,0.13954478677646,8.892284450207720,0.113019708598122,-0.44686459666039,0,0.0129982881618266,915.79110412,140.57835598,1153.98867577135,2.80126209253298
6881,SDSSJ100723.31+162842.6,9.9,29.7,,0.0,,,1.6510050000000000,0.03347,0.01634,0.028070000000000000,0.01884,8E-05,-0.00095,1.0,-26.8614170797608,0.0,0.0,3,12532.695961367000,3.86758997367786E+28,3.78936539490705E+28,30.296581263953000,7.9530150000000000,23.7290992828445,24.2571819189662,1066.67945562785,30.903756874207600,0.289557304075054,,,,,,,151.847151,16.478509,134.495368444821,47.3872406307254,2587,54138,313,100723.31+162842.6,151.847152709961,16.478509902954100,1.64289999008179,2587,313,54138,2,1,1,-26.8614170797608,46.7318637623067,0.0028455166642409300,0,0,0.0,-26.8828847427718,-1.0,0.0,-1.0,46.020056533265500,0.0028455166642409300,46.242843180033,0.0156104766384786,0.0,-1.0,0.0,-1.0,0.0,-1.0,0.0,-1.0,0.0,-1.0,0.0,-1.0,0.0,-1.0,0.0,-1.0,0.0,-1.0,0.0,-1.0,0.0,-1.0,0.0,-1.0,0.0,-1.0,-999.0,-1.0,0,0.0,-1.0,0.0,-1.0,0.0,-1.0,0.0,-1.0,0.0,-1.0,0.0,-1.0,0.0,-1.0,0.0,0.0,-1.0,0.0,-1.0,0.0,-1.0,0.0,-1.0,0.0,-1.0,-999.0,-1.0,0,0.0,-1.0,43.9638920437204,0.0177185634335046,3135.9120898436,304.080396565183,24.4880131473213,0.9873786016212520,43.959055296176500,0.0188693218611782,3135.9120898436,350.45492833641500,24.2168026288551,1.24390304278621,5251.33654016113,65.0856213341099,4.334107235362720,-1.06121491584755,0.0238401490546182,310,18.539730270218500,1.25138283210066,44.69756103321980,0.033354096745537,4651.22705078125,310.704833984375,47.3872406307254,4.26500313965608,-1.57694098834055,0.221241324443329,281,10.226701789742400,1.10137037231438,300000.0,-1.0,300000.0,-1.0,300000.0,-1.0,300000.0,-1.0,-204.800048445042,107.440319574417,134.495368444821,107.093909169074,0.0,-1.0,0.0,-1.0,9.19812473219221,0.0330810833911692,8.86275602553067,0.0842365953947568,8.985162809522540,0.0970854876516094,9.18384196585725,0.0586091839020329,8.985162809522540,0.0970854876516094,-0.353669592333382,0,0.0067388581999168400,1198.46658234,110.42108715100000,1437.6893344073200,3.21718352627181
5453,SDSSJ104031.38+362611.6,20.0,114.8,7.7,134.0,16.0,5.74,1.6503890000000000,0.03042,0.0225,0.02062,0.02899,-0.00027,-0.00643,1.0,-26.6041282377845,0.0,1.0,3,12526.914037762200,3.86580567205341E+28,3.78762432828301E+28,30.9133795757833,7.9511670000000000,24.3158855468941,24.8438975345104,4118.59934558167,30.8008413374171,-0.0536686065057994,,,,70.0,119 (rms),,160.130766,36.436579000000000,230.8408883869,36.3458484478709,2096,53446,563,104031.38+362611.6,160.130767822266,36.436580657959,1.64549994468689,2096,563,53446,1048578,1,1,-26.6041282377845,46.6178837185431,0.0097657419175512,0,0,0.0,-26.970688580866100,-1.0,0.0,-1.0,45.9060764895019,0.0097657419175512,46.16289612861010,0.0118661772511857,0.0,-1.0,0.0,-1.0,0.0,-1.0,0.0,-1.0,0.0,-1.0,0.0,-1.0,0.0,-1.0,0.0,-1.0,0.0,-1.0,0.0,-1.0,0.0,-1.0,0.0,-1.0,0.0,-1.0,-999.0,-1.0,0,0.0,-1.0,0.0,-1.0,0.0,-1.0,0.0,-1.0,0.0,-1.0,0.0,-1.0,0.0,-1.0,0.0,0.0,-1.0,0.0,-1.0,0.0,-1.0,0.0,-1.0,0.0,-1.0,-999.0,-1.0,0,0.0,-1.0,43.9382181331484,0.0115775799705204,3846.99735534601,388.582694743636,29.296012658874200,0.983101191383097,43.9382181331484,0.0211132890638623,3846.99735534601,509.510788082414,29.296012658874200,1.50099890550465,6050.0875876562200,72.9008197629088,17.2530195389805,-1.40777183446797,0.0266615485028484,311,13.6830292186882,1.0840181500413,44.4815432554639,0.0301809569427505,5128.71337890625,483.274169921875,36.3458484478709,3.28612634028412,-1.82369306002673,0.186939371257133,281,11.7201929414699,0.987066664897592,300000.0,-1.0,300000.0,-1.0,300000.0,-1.0,300000.0,-1.0,-323.465765678675,161.01659132148,230.8408883869,160.497439638974,0.0,-1.0,0.0,-1.0,9.25044072584674,0.038004455150893500,8.98328202024525,0.0878713764731793,9.092011198985470,0.115198414153105,9.226351806057950,0.0820876478832609,9.092011198985470,0.115198414153105,-0.574498025559954,0,0.00796739472107136,1130.70191291,109.61335498700000,1369.9619183857,3.16582443773805
22,SDSSJ104852.52+003230.0,9.2,27.6,,0.0,,,1.650584,0.04427,0.00762,0.02254,0.029660000000000000,-0.0098,0.00081,0.0,-27.1044833085041,0.0,0.0,3,12528.7443056819,3.86637049273343E+28,3.78817546318859E+28,30.5048266234184,7.951752,23.6969791195532,24.2250134733263,990.525099751556,31.000983365705,0.236613273439833,,,,,,,162.218859,0.541673,605.223530269876,43.633080383480200,276,51909,348,104852.52+003230.0,162.218856811523,0.541673004627228,1.64619994163513,276,348,51909,1048580,1,0,-27.1044833085041,46.8361837269925,0.0110635633243206,0,0,0.0,-26.761816600528800,-1.0,0.0,-1.0,46.124376497951300,0.0110635633243206,46.2158931266882,0.0107081904512434,0.0,-1.0,0.0,-1.0,0.0,-1.0,0.0,-1.0,0.0,-1.0,0.0,-1.0,0.0,-1.0,0.0,-1.0,0.0,-1.0,0.0,-1.0,0.0,-1.0,0.0,-1.0,0.0,-1.0,-999.0,-1.0,0,0.0,-1.0,0.0,-1.0,0.0,-1.0,0.0,-1.0,0.0,-1.0,0.0,-1.0,0.0,-1.0,0.0,0.0,-1.0,0.0,-1.0,0.0,-1.0,0.0,-1.0,0.0,-1.0,-999.0,-1.0,0,0.0,-1.0,44.1757531376876,0.0119934900022827,4027.4830482654200,287.299808088448,30.867735345453,1.43611053960304,44.1709536453909,0.0210884461372771,4027.4830482654200,335.547113718464,30.5284866240297,2.08951121926437,4442.7034277373400,91.26713111584010,28.683669212666,-1.2929978078605,0.0334834038741075,311,23.449222807285100,1.15362573425376,44.64814153848230,0.0136788487905299,6162.5400390625,210.41357421875,43.633080383480200,1.94376562918744,-1.3035779970436,0.133133065962808,280,16.0899576786765,1.05454454340276,300000.0,-1.0,300000.0,-1.0,300000.0,-1.0,300000.0,-1.0,-381.802240251584,187.701734334108,605.223530269876,106.88366022650700,0.0,-1.0,0.0,-1.0,9.1175580528895,0.0209998166705588,9.132255691262300,0.0622070895466127,9.267180871016450,0.0726902882597726,9.413942865102730,0.0301952240669677,9.267180871016450,0.0726902882597726,-0.53136768914154,0,0.00787818119895643,1016.47004157,131.94216478200000,1255.01534017227,2.95549969674889
653,SDSSJ105814.69+015230.6,17.0,51.0,,0.0,,,1.651886,0.01892,0.032310000000000000,0.01612,0.047510000000000000,0.01799,0.00535,0.0,-26.4491283405663,0.0,0.0,1,12540.966022279200,3.87014211447536E+28,3.79185569111581E+28,30.531895813329500,7.955658,23.9644836416796,24.4926672904035,1834.50669922703,30.738841378529800,0.0986907229764394,,,,,,,164.56124600000000,1.875186,904.392733752067,74.437465403446,508,52366,276,105814.69+015230.6,164.56124877929700,1.8751859664917,1.65450000762939,508,276,52366,1048580,1,0,-26.4491283405663,46.5274777808648,0.00812774194816868,0,0,0.0,-27.042584279081,-1.0,0.0,-1.0,45.815670551823600,0.00812774194816868,46.0785668273724,0.0168459669037553,0.0,-1.0,0.0,-1.0,0.0,-1.0,0.0,-1.0,0.0,-1.0,0.0,-1.0,0.0,-1.0,0.0,-1.0,0.0,-1.0,0.0,-1.0,0.0,-1.0,0.0,-1.0,0.0,-1.0,-999.0,-1.0,0,0.0,-1.0,0.0,-1.0,0.0,-1.0,0.0,-1.0,0.0,-1.0,0.0,-1.0,0.0,-1.0,0.0,0.0,-1.0,0.0,-1.0,0.0,-1.0,0.0,-1.0,0.0,-1.0,-999.0,-1.0,0,0.0,-1.0,44.167175147653300,0.0179682322878634,3946.3132971598700,251.403720146937,59.9047372028539,2.87911554696949,44.1607360405863,0.0218720502162277,3946.3132971598700,314.37641803505900,59.0231060519857,3.6973676529244400,6586.93582551423,157.802145538718,12.017866904695200,-1.69660217974711,0.0684792947100705,310,11.247771795671400,1.12972896998024,44.710637606012900,0.0328803913167768,7792.611328125,1377.2958984375,74.437465403446,6.60636472684359,-1.8088505120573400,0.314179767651374,281,10.018415506355800,1.2609220139908800,300000.0,-1.0,300000.0,-1.0,300000.0,-1.0,300000.0,-1.0,355.401164424233,133.73775296134200,904.392733752067,106.769153012054,0.0,-1.0,0.0,-1.0,9.26823258498019,0.0280603223988039,8.960218397615690,0.0554833323220548,9.05809886383452,0.069377931119714,9.54500644947665,0.153777142930368,9.05809886383452,0.069377931119714,-0.630991628087301,0,0.0100008381590169,116.168004759,185.911752136,346.73485527776600,1.73339943004126
5136,SDSSJ110041.31+315018.1,11.0,301.2,8.2,311.0,15.0,27.3818181818182,1.650453,0.01741,0.03455,0.02451,0.01761,-0.00091,0.00197,1.0,-27.1745946185012,0.0,1.0,1,12527.5147360944,3.86599104755873E+28,3.78780521211131E+28,31.383417496019100,7.951359,24.7348401061729,25.262859434658,10807.1566419755,31.0290278897038,-0.169005634060053,,,,194.0,213,0.277674388418746,165.172157,31.838363,262.949177464836,42.0543978697671,1990,53472,426,110041.31+315018.1,165.17214965820300,31.8383636474609,1.64900004863739,1990,426,53472,1048578,1,1,-27.1745946185012,46.8896178643727,0.0135062126100074,0,0,0.0,-26.694774787856900,-1.0,0.0,-1.0,46.1778106353315,0.0135062126100074,46.273536762783400,0.00839173639192126,0.0,-1.0,0.0,-1.0,0.0,-1.0,0.0,-1.0,0.0,-1.0,0.0,-1.0,0.0,-1.0,0.0,-1.0,0.0,-1.0,0.0,-1.0,0.0,-1.0,0.0,-1.0,0.0,-1.0,-999.0,-1.0,0,0.0,-1.0,0.0,-1.0,0.0,-1.0,0.0,-1.0,0.0,-1.0,0.0,-1.0,0.0,-1.0,0.0,0.0,-1.0,0.0,-1.0,0.0,-1.0,0.0,-1.0,0.0,-1.0,-999.0,-1.0,0,0.0,-1.0,44.1217831117207,0.0295963375128672,5061.58313731186,436.46348746055900,23.7903308219997,2.30100617899412,44.106461488689700,0.0306323232625587,5061.58313731186,356.673852978882,22.9656561556092,2.22233590034721,5124.60004677943,72.4698026285825,22.438839537879600,-1.48201181523564,0.064202879896989,310,20.8225240269282,0.91228883886251,44.729192380187900,0.032212031087731,4401.13720703125,296.5,42.0543978697671,3.1792262398687300,-0.624214244090356,0.0990061063842678,281,15.680475159625700,0.739057519622753,300000.0,-1.0,300000.0,-1.0,300000.0,-1.0,300000.0,-1.0,-186.757533583031,241.158418161973,262.949177464836,53.5087027456148,0.0,-1.0,0.0,-1.0,9.27471252465477,0.0285333987645203,9.3574780668645,0.0752027944471617,9.49881534310428,0.0617769024253767,9.15210430039574,0.0586847096931826,9.49881534310428,0.0617769024253767,-0.70956802384918,0,0.0225743875879125,249.761210221,99.5013162256,490.65460045748,2.60345984271095
5870,SDSSJ110729.57+270800.7,10.0,30.0,,0.0,,,1.6500690000000000,0.01707,0.0386,0.014370000000000000,0.03539,-0.01487,0.00228,1.0,-26.464619964017400,0.0,0.0,1,12523.9106191738,3.86487881707703E+28,3.78671993074851E+28,30.3004136628725,7.9502070000000000,23.7328574897289,24.2608327703421,1075.68418110432,30.7450380279103,0.21203788540261600,,,,,,,166.87323700000000,27.133554000000000,1895.9166288386000,46.5462507895689,2212,53789,534,110729.57+270800.7,166.873229980469,27.133554458618200,1.6603000164032,2212,534,53789,1048579,1,1,-26.464619964017400,46.5492329902724,0.0111551053938221,1,0,0.0,-27.061930986817000,-1.0,0.0,-1.0,45.8374257612312,0.0111551053938221,46.0847009960508,0.0153976300651451,0.0,-1.0,0.0,-1.0,0.0,-1.0,0.0,-1.0,0.0,-1.0,0.0,-1.0,0.0,-1.0,0.0,-1.0,0.0,-1.0,0.0,-1.0,0.0,-1.0,0.0,-1.0,0.0,-1.0,-999.0,-1.0,0,0.0,-1.0,0.0,-1.0,0.0,-1.0,0.0,-1.0,0.0,-1.0,0.0,-1.0,0.0,-1.0,0.0,0.0,-1.0,0.0,-1.0,0.0,-1.0,0.0,-1.0,0.0,-1.0,-999.0,-1.0,0,0.0,-1.0,43.930113212632,0.0254157798233905,9237.30303673503,1073.82379993639,34.1376551329351,2.54214935189625,43.928913279306700,0.0265445417584012,9620.85185582833,960.951762341384,34.043464728455,2.4500578748464700,9435.58930226591,113.400565721691,14.7201013441766,-1.21281426306694,0.0469923418738747,311,10.552213068293200,1.33100225127182,44.503999225661200,0.0271267158233037,3101.4169921875,409.533447265625,46.5462507895689,3.44389920540634,-1.97972972471557,0.235638104912233,280,10.147268970664000,1.95730961339971,300000.0,-1.0,300000.0,-1.0,300000.0,-1.0,300000.0,-1.0,1391.2490639195,502.96977726101900,1895.9166288386000,159.696603986329,0.0,-1.0,0.0,-1.0,9.59389200893644,0.0440770200585047,9.70980326304873,0.101126205286159,9.84563102662248,0.0870318077794468,8.74801185188817,0.114984705011563,9.84563102662248,0.0870318077794468,-1.39676858146765,0,0.0225497331074078,389.162815921,163.506945514,625.216986736492,2.02668203649912
6634,SDSSJ113047.11+190325.6,6.8,20.4,,0.0,,,1.650932,0.03963,0.013040000000000000,0.02462,0.018330000000000000,0.01929,0.00115,1.0,-26.4014766770857,0.0,0.0,3,12532.010742311400,3.8673785150773E+28,3.7891590602389E+28,30.133413470690800,7.952796,23.5659257041432,24.0939999688158,732.57480887752,30.719780713137600,0.279633956063592,,,,,,,172.69631300000000,19.057130000000000,754.8455446149110,25.7568390104562,2502,54180,278,113047.11+190325.6,172.696319580078,19.0571308135986,1.64649999141693,2502,278,54180,2,1,1,-26.4014766770857,46.542550213134600,0.0061017574136776900,0,0,0.0,-27.005872307305700,-1.0,0.0,-1.0,45.8307429840934,0.0061017574136776900,46.1940607687544,0.0179104852835721,0.0,-1.0,0.0,-1.0,0.0,-1.0,0.0,-1.0,0.0,-1.0,0.0,-1.0,0.0,-1.0,0.0,-1.0,0.0,-1.0,0.0,-1.0,0.0,-1.0,0.0,-1.0,0.0,-1.0,-999.0,-1.0,0,0.0,-1.0,0.0,-1.0,0.0,-1.0,0.0,-1.0,0.0,-1.0,0.0,-1.0,0.0,-1.0,0.0,0.0,-1.0,0.0,-1.0,0.0,-1.0,0.0,-1.0,0.0,-1.0,-999.0,-1.0,0,0.0,-1.0,43.9251814350974,0.0169619023668659,3067.74481090997,195.67929650738200,32.6308783488274,1.4980792186261700,43.920310864126600,0.022313295920938,3067.74481090997,282.566851638211,32.2669705865617,1.70253193139046,4134.72998273156,87.87831188515700,10.3922727076647,-1.9209688299019200,0.039895386946940700,310,11.9492763773491,0.9698016348845900,44.3463568801101,0.0554721220098742,6506.1279296875,627.456787109375,25.7568390104562,3.61415034892056,-2.16413131726178,0.262450540641735,280,10.532958431620700,0.964871743667575,300000.0,-1.0,300000.0,-1.0,300000.0,-1.0,300000.0,-1.0,-391.64126884924700,53.6530211735324,754.8455446149110,80.1412656901669,0.0,-1.0,0.0,-1.0,8.87310493515218,0.0399281561584369,8.74900995238999,0.0554877878635116,8.848699110481210,0.0800942384366363,9.449497404523340,0.0843036292534561,8.848699110481210,0.0800942384366363,-0.40651944246414500,0,0.0225807723303193,1175.23298139,95.7892443688,1414.86985963599,3.2579722013263000
6642,SDSSJ113244.74+172629.4,18.0,66.5,6.1,69.0,11.0,3.69444444444444,1.6503741000000000,0.0243,0.02891,0.01602,0.0419,-0.0088,-0.00221,1.0,-26.737379812111700,0.0,1.0,0,12526.774188380800,3.86576251453431E+28,3.78758221647344E+28,30.674724336922300,7.9511223000000000,24.0787556468796,24.6067659254244,2385.71157165377,30.854141967148,0.0855628658896631,,,,,,,173.18645800000000,17.441512,466.22177083765,49.180194095992,2503,53856,435,113244.74+172629.4,173.186462402344,17.4415111541748,1.64559996128082,2503,435,53856,1048578,1,1,-26.737379812111700,46.623973689815300,0.007152853443990640,0,0,0.0,-26.939216541787,-1.0,0.0,-1.0,45.912166460774100,0.007152853443990640,46.2224836234554,0.0126870873061229,0.0,-1.0,0.0,-1.0,0.0,-1.0,0.0,-1.0,0.0,-1.0,0.0,-1.0,0.0,-1.0,0.0,-1.0,0.0,-1.0,0.0,-1.0,0.0,-1.0,0.0,-1.0,0.0,-1.0,-999.0,-1.0,0,0.0,-1.0,0.0,-1.0,0.0,-1.0,0.0,-1.0,0.0,-1.0,0.0,-1.0,0.0,-1.0,0.0,0.0,-1.0,0.0,-1.0,0.0,-1.0,0.0,-1.0,0.0,-1.0,-999.0,-1.0,0,0.0,-1.0,44.105685907982,0.0219196819919567,5386.28860078081,510.084767825822,41.543275547467100,1.88154853114546,44.073123322186200,0.0225662737176897,7353.77514742085,509.882208903762,38.5423464082889,2.18058843349594,7344.229060720130,156.39846828229200,13.547406963905100,-1.72894218945889,0.041541043212346,311,15.1976298390325,0.966001842657956,44.666702088158500,0.0253349733126846,4371.4169921875,235.128662109375,49.180194095992,3.0499725149930100,-1.98288158851237,0.208962910174967,280,12.956841129743,0.975520514441379,300000.0,-1.0,300000.0,-1.0,300000.0,-1.0,300000.0,-1.0,-527.798628868782,130.213852257387,466.22177083765,80.21288385742320,0.0,-1.0,0.0,-1.0,9.422585611414380,0.0302726671840711,9.27866246933591,0.0823336104308653,9.65856389875616,0.0603876466323942,9.11916079260456,0.0472008527812513,9.65856389875616,0.0603876466323942,-1.1349607540584300,0,0.0154233463282057,911.918837295,124.09789459300000,1150.66030357002,2.91160867905802
7586,SDSSJ113532.86+001411.4,10.2,30.6,,0.0,,,1.6517010000000000,0.02791,0.033820000000000000,0.00924,0.029460000000000000,0.00141,0.0021900000000000000,0.0,-26.597976210798900,0.0,0.0,1,12539.229326861200,3.86960617026937E+28,3.79133273455867E+28,30.447469784628900,7.9551030000000000,23.7425150917182,24.270677531726,1100.34669506515,30.798380526622900,0.16734659084898500,,,,,,,173.886946,0.23651800000000000,722.789984734306,32.1970645501054,282,51658,488,113532.86+001411.4,173.88694763183600,0.236517995595932,1.64839994907379,282,488,51658,1048580,2,0,-26.597976210798900,46.69651713034510,0.0040353087085058800,0,0,0.0,-26.895068001014100,-1.0,0.0,-1.0,45.9847099013039,0.0040353087085058800,46.1656920753676,0.0149498506444274,0.0,-1.0,0.0,-1.0,0.0,-1.0,0.0,-1.0,0.0,-1.0,0.0,-1.0,0.0,-1.0,0.0,-1.0,0.0,-1.0,0.0,-1.0,0.0,-1.0,0.0,-1.0,0.0,-1.0,-999.0,-1.0,0,0.0,-1.0,0.0,-1.0,0.0,-1.0,0.0,-1.0,0.0,-1.0,0.0,-1.0,0.0,-1.0,0.0,0.0,-1.0,0.0,-1.0,0.0,-1.0,0.0,-1.0,0.0,-1.0,-999.0,-1.0,0,0.0,-1.0,44.0792574617789,0.0239272411150573,4832.32625601527,513.2111551378110,33.8708210604083,2.13290092722475,44.074655702131100,0.0212242342894378,4832.32625601527,509.971756371391,33.5138224739423,1.87025487119807,5484.78302604697,67.7783350876968,5.416535441254600,-1.3875015811744,0.0409113130433052,310,16.126362659771500,1.74857665312564,44.450969490117400,0.0455457140474813,6346.99755859375,359.70654296875,32.1970645501054,3.63675473653128,-1.55496999403342,0.181663125636921,281,13.7182946948394,0.975020365678016,300000.0,-1.0,300000.0,-1.0,300000.0,-1.0,300000.0,-1.0,-99.41692318799230,348.58899081931600,722.789984734306,80.1412656901669,0.0,-1.0,0.0,-1.0,9.2139890208935,0.0262233919539597,9.2206674469128,0.0922694652024165,9.338832635069270,0.0916992718950462,9.41295346246547,0.0498595734224911,9.338832635069270,0.0916992718950462,-0.742686049841751,0,0.00587458073989402,952.5776389580000,88.1675356438,1192.47704651211,3.1204177671033100
113,SDSSJ113548.66-022617.8,8.3,24.9,,0.0,,,1.6502399000000000,0.022960000000000000,0.029710000000000000,0.020390000000000000,0.02975,0.00571,-0.0010400000000000000,0.0,-26.664852316676300,0.0,0.0,0,12525.51461726,3.86537381088644E+28,3.78720293107597E+28,30.368696758772200,7.9507197000000000,23.6520463645257,24.1800412495242,893.085958335251,30.8251309689738,0.217669908279391,,,,,,,173.952777,-2.438297,808.26384270573,54.5276366631524,327,52294,496,113548.66-022617.8,173.952774047852,-2.43829703330994,1.65269994735718,327,496,52294,1048580,1,0,-26.664852316676300,46.6105490328259,0.00587957443350362,0,0,0.0,-26.9742567735317,-1.0,0.0,-1.0,45.8987418037847,0.00587957443350362,46.187880544828,0.0117011436755874,0.0,-1.0,0.0,-1.0,0.0,-1.0,0.0,-1.0,0.0,-1.0,0.0,-1.0,0.0,-1.0,0.0,-1.0,0.0,-1.0,0.0,-1.0,0.0,-1.0,0.0,-1.0,0.0,-1.0,-999.0,-1.0,0,0.0,-1.0,0.0,-1.0,0.0,-1.0,0.0,-1.0,0.0,-1.0,0.0,-1.0,0.0,-1.0,0.0,0.0,-1.0,0.0,-1.0,0.0,-1.0,0.0,-1.0,0.0,-1.0,-999.0,-1.0,0,0.0,-1.0,44.01416760131950,0.0206361504524786,4157.83930181879,341.015321546164,35.263788041059600,1.81606019944712,44.01206577208530,0.0255972390752319,4157.83930181879,252.34075752384000,35.093536289486000,2.17842908524803,5888.1016948712100,90.52944049345540,12.1398986284196,-1.4994153164734400,0.042467066805325,310,13.521610699335200,1.2121009723451200,44.686620286483,0.0234859590782257,5651.60107421875,302.5380859375,54.5276366631524,3.34820950437687,-1.81100591423936,0.180866492298296,281,14.5699348780164,1.18464127675361,300000.0,-1.0,300000.0,-1.0,300000.0,-1.0,300000.0,-1.0,339.331183993457,267.403865446729,808.26384270573,53.4131947860431,0.0,-1.0,0.0,-1.0,9.22232050107124,0.0323830148790984,9.04710630205064,0.0713000715663372,9.1549553185048,0.0528408660229222,9.323919686767940,0.0469085313934147,9.1549553185048,0.0528408660229222,-0.644776830796467,0,0.0106187893238494,346.567880846,116.01023052200000,585.706236845245,2.54798822105316
677,SDSSJ114408.55+020221.2,11.0,96.7,8.5,120.0,17.0,8.79090909090909,1.6506031000000000,0.06337000000000000,0.00244,0.01351,0.00486,0.01315,0.01353,0.0,-26.1487963852212,0.0,1.0,4,12528.9235805095,3.86642581694523E+28,3.78822944686494E+28,30.9027774959636,7.9518093000000000,24.2415088893745,24.7695454337956,3470.54312594863,30.6187085963918,-0.13547023849836000,,,,,,,176.035649,2.039225,1096.5578041880200,23.3984425251152,514,51994,164,114408.55+020221.2,176.03564453125,2.03922510147095,1.63880002498627,514,164,51994,1048580,1,0,-26.1487963852212,46.475974524383200,0.00485974948485435,0,0,0.0,-27.100596402256200,-1.0,0.0,-1.0,45.764167295342,0.00485974948485435,46.0011104530505,0.0174881145013757,0.0,-1.0,0.0,-1.0,0.0,-1.0,0.0,-1.0,0.0,-1.0,0.0,-1.0,0.0,-1.0,0.0,-1.0,0.0,-1.0,0.0,-1.0,0.0,-1.0,0.0,-1.0,0.0,-1.0,-999.0,-1.0,0,0.0,-1.0,0.0,-1.0,0.0,-1.0,0.0,-1.0,0.0,-1.0,0.0,-1.0,0.0,-1.0,0.0,0.0,-1.0,0.0,-1.0,0.0,-1.0,0.0,-1.0,0.0,-1.0,-999.0,-1.0,0,0.0,-1.0,43.7015138680458,0.0279091197947565,2506.3555645604600,223.72798482439100,23.3714432192349,1.65670281743904,43.7015138680458,0.0318604112081751,2506.3555645604600,278.592606357035,23.3714432192349,1.69815703010789,2912.197256458,128.748288673513,10.703260642459700,-1.51812418440543,0.0535681467066438,311,11.5874185172436,1.32416157285592,44.153896075227100,0.0569181245243051,8307.203125,1771.8771972656300,23.3984425251152,3.56144084583332,-1.50274302873673,0.231445143823643,281,8.187747042501990,0.940053980758602,300000.0,-1.0,300000.0,-1.0,300000.0,-1.0,300000.0,-1.0,-1395.0507665607500,107.709374884635,1096.55780418802,507.470919181683,0.0,-1.0,0.0,-1.0,8.52737527821522,0.0344185491229747,8.54016901225037,0.0775720207590662,8.63186908769141,0.0965945435999869,9.559498199758700,0.18549658775501,8.63186908769141,0.0965945435999869,-0.256265108425758,0,0.016081461271255,4089.11376721,62.9050787096,4329.2518903718,5.63786703956363
7638,SDSSJ120015.35+000553.1,12.0,35.1,4.7,25.0,8.6,2.925,1.650593,0.023570000000000000,0.03581,0.01991,0.004080000000000000,0.018370000000000000,0.013360000000000000,0.0,-26.3975951256358,0.0,1.0,0,12528.8287806775,3.86639656171708E+28,3.78820090050701E+28,30.2215305138344,7.951779,23.801382986445,24.3294183724626,1259.70944064572,30.718228092557600,0.236871194110365,,,,,,,180.063964,0.098102,-1110.06838201565,2.78626834738306,285,51930,509,120015.35+000553.1,180.06396484375,0.0981020033359528,1.64999997615814,285,509,51930,4,3,0,-26.3975951256358,46.5565863734249,0.00502545404506449,1,0,0.0,-27.0693216059777,-1.0,0.0,-1.0,45.84477914438370,0.00502545404506449,45.8812377869775,0.0299344317730856,0.0,-1.0,0.0,-1.0,0.0,-1.0,0.0,-1.0,0.0,-1.0,0.0,-1.0,0.0,-1.0,0.0,-1.0,0.0,-1.0,0.0,-1.0,0.0,-1.0,0.0,-1.0,0.0,-1.0,-999.0,-1.0,0,0.0,-1.0,0.0,-1.0,0.0,-1.0,0.0,-1.0,0.0,-1.0,0.0,-1.0,0.0,-1.0,0.0,0.0,-1.0,0.0,-1.0,0.0,-1.0,0.0,-1.0,0.0,-1.0,-999.0,-1.0,0,0.0,-1.0,43.736543447570900,0.0194175338066493,3108.18290611256,519.136180853598,21.868519651598,0.959515531367039,43.7071781892013,0.0221507649932633,3926.50957052106,523.257681401492,20.4387403695866,1.0867117697277,4101.642589367750,123.162340580196,12.9695869104385,-0.963823651244045,0.0467338363388505,310,13.9155157102922,1.62264142423067,43.0926798113558,0.363753780315832,6339.93359375,937.2794799804690,2.78626834738306,1.6524503568571400,-1.77913215190745,0.41557617819340700,280,5.15692097436906,0.974345066985719,300000.0,-1.0,300000.0,-1.0,300000.0,-1.0,300000.0,-1.0,-134.263078396529,267.834156580891,-1110.06838201565,2453.08723353652,0.0,-1.0,0.0,-1.0,8.87482867573474,0.0447935573195273,8.767402707493420,0.145095575772174,9.071776390206200,0.115792529991081,9.261225445063730,0.129386334942874,9.071776390206200,0.115792529991081,-0.615560561898896,0,0.00303751933771124,1122.95737925,12.2314369252,1364.9332705115200,3.49263399232488
1021,SDSSJ120845.22+653344.6,9.9,29.7,,0.0,,,1.651211,0.0234,0.02925,0.02029,0.02997,0.0021100000000000000,-0.00164,0.0,-26.819976364032400,0.0,0.0,0,12534.6296273811,3.86818670300981E+28,3.78994766448202E+28,30.296698394883800,7.953633,23.7292327389833,24.2573389974035,1067.06532893118,30.8871805879163,0.281596343843789,,,,,,,182.188432,65.562414,883.0334293063680,32.4099173257569,599,52317,467,120845.22+653344.6,182.188430786133,65.5624160766602,1.6454000473022500,599,467,52317,4,1,0,-26.819976364032400,46.73347786055740,0.00329973838501019,0,-1,0.0,-26.8586303858496,-1.0,0.0,-1.0,46.0216706315162,0.00329973838501019,46.258608465928200,0.0151688650372286,0.0,-1.0,0.0,-1.0,0.0,-1.0,0.0,-1.0,0.0,-1.0,0.0,-1.0,0.0,-1.0,0.0,-1.0,0.0,-1.0,0.0,-1.0,0.0,-1.0,0.0,-1.0,0.0,-1.0,-999.0,-1.0,0,0.0,-1.0,0.0,-1.0,0.0,-1.0,0.0,-1.0,0.0,-1.0,0.0,-1.0,0.0,-1.0,0.0,0.0,-1.0,0.0,-1.0,0.0,-1.0,0.0,-1.0,0.0,-1.0,-999.0,-1.0,0,0.0,-1.0,44.080419025313,0.0123296852707426,4200.9559239818,314.098457684338,31.244995257904500,0.985205023332252,44.07347918540170,0.0175536485712584,4200.9559239818,357.704501097162,30.7496815986087,1.1446454766299600,4969.96101411721,57.6091428401989,4.44001321886772,-1.36250235751344,0.0384048517149296,310,15.455537031557700,0.964628569378958,44.520352075673000,0.0366352784911932,6518.68408203125,1210.484375,32.4099173257569,3.2438369141832,-2.01961344600983,0.202229410458905,281,12.1979518746259,0.807008255079324,300000.0,-1.0,300000.0,-1.0,300000.0,-1.0,300000.0,-1.0,-201.322664489916,294.801855079402,883.0334293063680,267.113723628975,0.0,-1.0,0.0,-1.0,9.15129173387784,0.0243431562036615,9.117531565731530,0.0649639000436606,9.240132041513470,0.0739872148660837,9.485382355218030,0.161492509697081,9.240132041513470,0.0739872148660837,-0.607024726073654,0,0.007691458009071430,1390.14379018,101.32292868,1629.63676581828,3.40669129826994
5945,SDSSJ121753.12+294304.6,10.0,134.3,7.5,123.0,12.0,13.43,1.6507450000000000,0.031390000000000000,0.01385,0.028110000000000000,0.03537,0.01102,0.0,1.0,-26.976602200570800,0.0,1.0,2,12530.255484041200,3.86683684237511E+28,3.7886305128536E+28,30.891862818571700,7.9522350000000000,24.3842503820134,24.9123032009632,4821.20071842729,30.9498309225316,0.0276445358171301,,,,,,,184.471363,29.717947,861.6725984701890,61.655352989237,2230,53799,117,121753.12+294304.6,184.47135925293,29.7179470062256,1.64660000801086,2230,117,53799,1048579,1,1,-26.976602200570800,46.727771535307200,0.00392920002078512,0,0,0.0,-26.875069262979300,-1.0,0.0,-1.0,46.015964306266,0.00392920002078512,46.2079419009615,0.0155318890233005,0.0,-1.0,0.0,-1.0,0.0,-1.0,0.0,-1.0,0.0,-1.0,0.0,-1.0,0.0,-1.0,0.0,-1.0,0.0,-1.0,0.0,-1.0,0.0,-1.0,0.0,-1.0,0.0,-1.0,-999.0,-1.0,0,0.0,-1.0,0.0,-1.0,0.0,-1.0,0.0,-1.0,0.0,-1.0,0.0,-1.0,0.0,-1.0,0.0,0.0,-1.0,0.0,-1.0,0.0,-1.0,0.0,-1.0,0.0,-1.0,-999.0,-1.0,0,0.0,-1.0,44.211607799539,0.0173670774854493,3743.3563464094400,290.309213689804,43.20571308776950,1.8499664478705,44.2044578375805,0.0213165352808744,3743.3563464094400,325.512561746029,42.5002236422469,2.10559757261061,4822.51571943152,71.03842464723830,5.811137992420270,-1.23431998591317,0.0397565026992224,310,15.9959450807759,0.999838550639176,44.7560963250318,0.0248288065869211,5839.57666015625,171.81103515625,61.655352989237,4.17556078857681,-1.88103529717785,0.223698849002619,281,10.5995074524885,1.07854054862335,300000.0,-1.0,300000.0,-1.0,300000.0,-1.0,300000.0,-1.0,-255.319243565898,80.4579686821809,861.6725984701890,53.4036533711058,0.0,-1.0,0.0,-1.0,9.12159515208655,0.0233774833701623,9.01450449606766,0.0673904846642194,9.136420212819590,0.0755695201865398,9.3629719356994,0.0268485869088686,9.136420212819590,0.0755695201865398,-0.509019222629938,0,0.0117152914230814,1109.40444537,153.85164682200000,1347.38210659581,2.89642906740375
3472,SDSSJ122225.34+414117.4,15.0,57.8,5.4,51.4,9.6,3.85333333333333,1.6510630000000000,0.016890000000000000,0.035410000000000000,0.021580000000000000,0.026010000000000000,0.00909,0.00243,1.0,-26.668732766964400,0.0,1.0,0,12533.2403865025,3.86775798327467E+28,3.78952933337597E+28,30.636771151495000,7.9531890000000000,24.0183082487054,24.5463975359512,2076.10611484427,30.826683149089100,0.0905675476849232,,,,,,,185.60562100000000,41.688191000000000,134.495368444821,39.779576801230600,1452,53112,255,122225.34+414117.4,185.605621337891,41.6881904602051,1.64950001239777,1452,255,53112,2,1,1,-26.668732766964400,46.6881357335114,0.007396017754484060,0,0,0.0,-26.894697310293200,-1.0,0.0,-1.0,45.9763285044702,0.007396017754484060,46.1992425308294,0.0160508738528264,0.0,-1.0,0.0,-1.0,0.0,-1.0,0.0,-1.0,0.0,-1.0,0.0,-1.0,0.0,-1.0,0.0,-1.0,0.0,-1.0,0.0,-1.0,0.0,-1.0,0.0,-1.0,0.0,-1.0,-999.0,-1.0,0,0.0,-1.0,0.0,-1.0,0.0,-1.0,0.0,-1.0,0.0,-1.0,0.0,-1.0,0.0,-1.0,0.0,0.0,-1.0,0.0,-1.0,0.0,-1.0,0.0,-1.0,0.0,-1.0,-999.0,-1.0,0,0.0,-1.0,44.047741983491,0.0189522911071158,4666.97112556471,344.84656536369000,31.853356311320700,1.94816852231797,44.0452699940826,0.0190998339797233,4666.97112556471,352.96750347325300,31.672563113903600,1.70742681615111,4717.32718926072,86.6060025503593,13.0569303193436,-1.50476874990545,0.0327594075408161,310,14.504892939569300,1.07038876033792,44.58118645240720,0.0250087294105086,3864.44116210938,261.270263671875,39.779576801230600,2.89604210716373,-1.44966142727575,0.272217732029282,280,11.7418863134498,0.819781199096183,300000.0,-1.0,300000.0,-1.0,300000.0,-1.0,300000.0,-1.0,-77.93882649174450,160.700480271428,134.495368444821,80.2845660262078,0.0,-1.0,0.0,-1.0,9.07786565016433,0.0252332973179298,9.18623448008351,0.0642872446214908,9.30339390061993,0.065852064644376,8.99977194004243,0.0593372374098908,9.30339390061993,0.065852064644376,-0.715628712226142,0,0.00214509302762494,458.863618771,109.92976496,698.2045771200840,2.6597353034070900
1556,SDSSJ124118.12+624606.1,15.0,355.0,18.0,321.0,30.0,23.6666666666667,1.651013,0.0028,0.05795,0.0,0.058430000000000000,-0.0027200000000000000,0.00505,1.0,-27.6545306904639,0.0,1.0,0,12532.7710542514,3.86761314734198E+28,3.78938800703936E+28,31.351459264577300,7.953039,24.806576369664,25.3346599231908,12750.051378382,31.2210023184889,-0.0622138982021728,,,,,,,190.325501,62.768374,722.789984734306,67.2696478694546,781,52373,480,124118.12+624606.1,190.325500488281,62.768375396728500,1.64970004558563,781,480,52373,1055747,1,1,-27.6545306904638,47.00998030374410,0.0129100314405655,0,0,0.0,-26.5818360358975,-1.0,0.0,-1.0,46.298173074703000,0.0129100314405655,46.464383791963000,0.009105834174715,0.0,-1.0,0.0,-1.0,0.0,-1.0,0.0,-1.0,0.0,-1.0,0.0,-1.0,0.0,-1.0,0.0,-1.0,0.0,-1.0,0.0,-1.0,0.0,-1.0,0.0,-1.0,0.0,-1.0,-999.0,-1.0,0,0.0,-1.0,0.0,-1.0,0.0,-1.0,0.0,-1.0,0.0,-1.0,0.0,-1.0,0.0,-1.0,0.0,0.0,-1.0,0.0,-1.0,0.0,-1.0,0.0,-1.0,0.0,-1.0,-999.0,-1.0,0,0.0,-1.0,44.67917411851910,0.0116208548646668,7065.18220692631,1241.20935643764,65.48280098015200,1.36934982697876,44.67917411851910,0.0140959441797897,7460.60244069054,950.9746464432940,65.48280098015200,1.4474043832947,8602.720876865450,85.67186947484680,27.336110270601500,-1.39254052064227,0.0173707771095375,310,25.120705278670000,0.965314080295025,45.090103516496700,0.0119102165418497,9718.05078125,444.73486328125,67.2696478694546,2.47507536105397,-1.18737731606651,0.121477418943175,281,20.2284592964343,0.932868657843553,300000.0,-1.0,300000.0,-1.0,300000.0,-1.0,300000.0,-1.0,-135.787211241278,240.341229781578,722.789984734306,160.354139312069,0.0,-1.0,0.0,-1.0,9.799288948732250,0.0136435989578785,9.707333270412,0.152729950417801,9.91041510230775,0.111004691370156,9.94128173797993,0.0400418248622001,9.91041510230775,0.111004691370156,-1.00080534368117,0,0.00509839307532996,-191.67720782900000,186.422027365,92.0910587073049,1.71048629706383
4032,SDSSJ130243.08+130039.3,8.5,94.5,5.4,86.8,9.0,11.117647058823500,1.65048,0.03449,0.028240000000000000,0.015970000000000000,0.00513,-0.00124,0.00848,1.0,-27.8204185209457,0.0,1.0,4,12527.768157164200,3.86606925330087E+28,3.78788152290837E+28,30.8804310809106,7.95144,24.2314344459542,24.7594568713151,3390.85237750741,31.2873574506816,0.194060006031092,,,,,,,195.679505,13.010924000000000,27.4084477430473,8.950889185073210,1696,53116,378,130243.08+130039.3,195.679504394531,13.0109243392944,1.63209998607636,1696,378,53116,2,1,1,-27.8204185209457,47.114670514550900,0.0103562472323944,1,0,0.0,-26.463851856659300,-1.0,0.0,-1.0,46.4028632855097,0.0103562472323944,46.426399081106300,0.00992479421739745,0.0,-1.0,0.0,-1.0,0.0,-1.0,0.0,-1.0,0.0,-1.0,0.0,-1.0,0.0,-1.0,0.0,-1.0,0.0,-1.0,0.0,-1.0,0.0,-1.0,0.0,-1.0,0.0,-1.0,-999.0,-1.0,0,0.0,-1.0,0.0,-1.0,0.0,-1.0,0.0,-1.0,0.0,-1.0,0.0,-1.0,0.0,-1.0,0.0,0.0,-1.0,0.0,-1.0,0.0,-1.0,0.0,-1.0,0.0,-1.0,-999.0,-1.0,0,0.0,-1.0,44.03289367391090,0.0528962406301332,2850.20642799728,331.91424455932500,11.570749153979200,1.3381671430945,44.0259828247391,0.0524333901514602,2850.20642799728,362.201965159832,11.388083145302,1.3156119848489,4256.24734317305,97.6893559258656,23.9753545339209,-1.4520658402907,0.0444614462620726,311,25.9464955442927,1.02516027520448,44.2448716878796,0.0743912108328644,4975.08935546875,2338.46484375,8.950889185073210,1.54986265267333,-0.0534288536099855,0.121701824134302,281,15.4224588674034,1.48478547061423,300000.0,-1.0,300000.0,-1.0,300000.0,-1.0,300000.0,-1.0,-2153.48822625613,80.9337055771557,27.4084477430473,267.686976279801,0.0,-1.0,0.0,-1.0,9.252978931660810,0.037660370497284,8.97118427315333,0.101281987705214,9.13952786741449,0.110566190508545,9.33959328364771,0.408300874486708,9.13952786741449,0.110566190508545,-0.125227897981134,0,0.0024499363860057100,5320.49461756,36.6411138376,5560.88927971362,6.645211513099820
3509,SDSSJ130545.73+462417.6,9.9,29.7,,0.0,,,1.650565,0.030680000000000000,0.02511,0.01602,0.03182,-0.00281,4E-05,1.0,-26.707979366154100,0.0,0.0,0,12528.565969896300,3.86631545831E+28,3.78812176227654E+28,30.2963310282304,7.951695,23.7288141736612,24.2568463482401,1065.85557192468,30.842381788765,0.260407340871667,,,,,,,196.44057800000000,46.404898000000000,797.580946528327,32.416007929301,1459,53117,161,130545.73+462417.6,196.440582275391,46.404899597168,1.64549994468689,1459,161,53117,1048579,1,1,-26.707979366154,46.7433548718318,0.00342320868033852,0,0,0.0,-26.864495042041600,-1.0,0.0,-1.0,46.031547642790600,0.00342320868033852,46.1185617603358,0.0151567727602071,0.0,-1.0,0.0,-1.0,0.0,-1.0,0.0,-1.0,0.0,-1.0,0.0,-1.0,0.0,-1.0,0.0,-1.0,0.0,-1.0,0.0,-1.0,0.0,-1.0,0.0,-1.0,0.0,-1.0,-999.0,-1.0,0,0.0,-1.0,0.0,-1.0,0.0,-1.0,0.0,-1.0,0.0,-1.0,0.0,-1.0,0.0,-1.0,0.0,0.0,-1.0,0.0,-1.0,0.0,-1.0,0.0,-1.0,0.0,-1.0,-999.0,-1.0,0,0.0,-1.0,44.1033717497981,0.0153761044349778,4723.0533652205800,446.561438975868,32.6462343405752,1.21572047519307,44.094036880989,0.0178245244356923,4723.0533652205800,505.48773602847600,31.9520130523961,1.49733802874166,5097.88107701365,74.7021852654545,4.50969996702229,-1.16430996153133,0.0368766502670418,311,15.4174807021121,0.965076151384294,44.412062190471200,0.0717982995159261,6442.18359375,1108.48364257813,32.416007929301,5.790189377050310,-1.41951619434747,0.216752339296216,281,9.56775121734465,1.05817506632343,300000.0,-1.0,300000.0,-1.0,300000.0,-1.0,300000.0,-1.0,-503.05419751992100,375.772585465762,797.580946528327,187.06312227182,0.0,-1.0,0.0,-1.0,9.179488916974870,0.0230892239113199,9.224219526687950,0.0821423219419561,9.34800524382282,0.0929855011688248,9.400903927939870,0.149670747421057,9.34800524382282,0.0929855011688248,-0.705020917108634,0,0.012070690716222,888.685236345,101.32692949,1128.1865101921,3.01438035596495
5534,SDSSJ132249.49+324826.8,8.5,25.5,,0.0,,,1.651252,0.04583,0.01223,0.0156,0.026890000000000000,-0.0035,0.0040100000000000000,1.0,-26.8051422319869,0.0,0.0,4,12535.014489256600,3.86830547138459E+28,3.79006355486631E+28,30.230505436574100,7.953756,23.6630430297201,24.1911539894467,916.233150560434,30.8812469350981,0.31033353576794600,,,,,,,200.706248,32.80745,883.0334293063680,33.4181415917591,2112,53534,191,132249.49+324826.8,200.706253051758,32.807449340820300,1.6454000473022500,2112,191,53534,1048578,1,1,-26.8051422319869,46.62794636814710,0.00849566614448349,0,0,0.0,-26.9568735597755,-1.0,0.0,-1.0,45.9161391391059,0.00849566614448349,46.169801944158,0.0136894527652842,0.0,-1.0,0.0,-1.0,0.0,-1.0,0.0,-1.0,0.0,-1.0,0.0,-1.0,0.0,-1.0,0.0,-1.0,0.0,-1.0,0.0,-1.0,0.0,-1.0,0.0,-1.0,0.0,-1.0,-999.0,-1.0,0,0.0,-1.0,0.0,-1.0,0.0,-1.0,0.0,-1.0,0.0,-1.0,0.0,-1.0,0.0,-1.0,0.0,0.0,-1.0,0.0,-1.0,0.0,-1.0,0.0,-1.0,0.0,-1.0,-999.0,-1.0,0,0.0,-1.0,43.9755388122482,0.0198178565795786,3414.3208658348600,372.968533162229,31.092518184862600,1.57131905625538,43.969382524155000,0.0349934354892305,3414.3208658348600,1119.4157668468200,30.654879188962200,2.49447725259476,6330.44710853602,97.02808722770570,15.708376332555300,-1.45454837659099,0.034374228111425,310,14.708188847968300,1.13128840225689,44.449779983603500,0.0736339655025056,5233.294921875,418.841552734375,33.4181415917591,5.59526832019884,-1.96752682926618,0.235987034741714,281,10.3733384426654,1.02607683412238,300000.0,-1.0,300000.0,-1.0,300000.0,-1.0,300000.0,-1.0,-194.128812798083,375.974034761517,883.0334293063680,454.37746636487100,0.0,-1.0,0.0,-1.0,9.29602501370382,0.0362306019811031,8.88467823387401,0.0949766763820924,8.994614930566720,0.284823403411092,9.24754545051704,0.0698942494200378,8.994614930566720,0.284823403411092,-0.467039107537154,0,0.0154686474868453,1597.31006532,102.761321899,1836.81097509942,3.56814236105766
4557,SDSSJ133802.31+084638.4,8.5,25.5,,0.0,,,1.6502240000000000,0.029640000000000000,0.01685,0.028190000000000000,0.030060000000000000,0.0147,0.00193,1.0,-26.422652151977,0.0,0.0,3,12525.3653848431,3.86532775776258E+28,3.78715799380696E+28,30.229920776840900,7.9506720000000000,23.6623768915117,24.190369952633,914.580556508093,30.7282509030941,0.23764974327073600,,,,,,,204.509649,8.777358,669.356415374672,50.660014026311400,1802,53885,60,133802.31+084638.4,204.50964355468800,8.77735805511475,1.64810001850128,1802,60,53885,3,1,1,-26.422652151977,46.5556758907005,0.007777843845062190,0,0,0.0,-27.0326679834549,-1.0,0.0,-1.0,45.8438686616593,0.007777843845062190,46.1459946074311,0.019280857122844,0.0,-1.0,0.0,-1.0,0.0,-1.0,0.0,-1.0,0.0,-1.0,0.0,-1.0,0.0,-1.0,0.0,-1.0,0.0,-1.0,0.0,-1.0,0.0,-1.0,0.0,-1.0,0.0,-1.0,-999.0,-1.0,0,0.0,-1.0,0.0,-1.0,0.0,-1.0,0.0,-1.0,0.0,-1.0,0.0,-1.0,0.0,-1.0,0.0,0.0,-1.0,0.0,-1.0,0.0,-1.0,0.0,-1.0,0.0,-1.0,-999.0,-1.0,0,0.0,-1.0,43.94795635541920,0.0212262593017343,2832.62265775882,235.90777001873000,34.5292216298518,1.80303905909916,43.8889230467002,0.0360488614097463,4533.80825259799,448.28768660326600,30.140710090215500,2.97885891650829,4533.56238059468,75.73044769727190,12.991468879764,-1.4265990886555,0.0320804903176337,311,12.151729489846500,1.05413860841052,44.566170608027,0.0442534028982458,4649.650390625,360.049560546875,50.660014026311400,6.77189544207494,-2.591951193398,0.264152136621373,280,8.64339512668488,0.965686987297851,300000.0,-1.0,300000.0,-1.0,300000.0,-1.0,300000.0,-1.0,-229.776110747958,134.048713160576,669.356415374672,80.1699052805552,0.0,-1.0,0.0,-1.0,8.96122774031249,0.0366016995553274,8.68631178021082,0.0724426809096295,9.19612486753559,0.086018427028529,9.132217740565520,0.068031762469709,9.19612486753559,0.086018427028529,-0.740819521952666,0,0.0193745640449475,848.026434683,132.019307965,1086.46715316838,2.80351796350472
4578,SDSSJ135348.69+071850.7,20.0,203.0,17.0,284.0,37.0,10.15,1.65019,0.04458,0.0131,0.02394,0.00158,0.00498,0.00412,1.0,-26.5126424473073,0.0,1.0,2,12525.0462725076,3.86522927969585E+28,3.78706190183195E+28,31.256330543531100,7.95057,24.5633107099083,25.0912998708782,7280.3436996758,30.7642470212262,-0.23467078665860200,,,,279.0,RFI,,208.452913,7.314084000000000,-315.526933539447,17.7330134465684,1805,53875,483,135348.69+071850.7,208.452911376953,7.31408405303955,1.63740003108978,1805,483,53875,1048578,1,1,-26.5126424473073,46.587134489565,0.00644163982202173,0,0,0.0,-26.958670002951500,-1.0,0.0,-1.0,45.8753272605238,0.00644163982202173,46.190568499091700,0.0113849708934097,0.0,-1.0,0.0,-1.0,0.0,-1.0,0.0,-1.0,0.0,-1.0,0.0,-1.0,0.0,-1.0,0.0,-1.0,0.0,-1.0,0.0,-1.0,0.0,-1.0,0.0,-1.0,0.0,-1.0,-999.0,-1.0,0,0.0,-1.0,0.0,-1.0,0.0,-1.0,0.0,-1.0,0.0,-1.0,0.0,-1.0,0.0,-1.0,0.0,0.0,-1.0,0.0,-1.0,0.0,-1.0,0.0,-1.0,0.0,-1.0,-999.0,-1.0,0,0.0,-1.0,43.723240209363800,0.0267161256385791,1955.7643747893100,121.172656739592,18.526552207309900,1.28049850201413,43.71317833498550,0.031484683984818,1955.7643747893100,121.172656739592,18.1022571621723,1.30932165499945,2301.0635925483000,87.07050795698100,9.671902415153380,-1.89804416199088,0.0351442036773276,310,16.5652412945394,1.17270328095515,44.210778822761900,0.0625955388937776,5443.15625,1401.0437011718800,17.7330134465684,2.401374180449,-1.71658247511829,0.179062637488813,280,13.971317504277100,1.0821717734136,300000.0,-1.0,300000.0,-1.0,300000.0,-1.0,300000.0,-1.0,-1634.4750246917400,53.8643085821457,-315.526933539447,508.560002309311,0.0,-1.0,0.0,-1.0,8.3917101219722,0.0332265140946874,8.38029669221535,0.0539111805447723,8.48533596347821,0.053962878709187,9.292702907027030,0.223652267534948,8.48533596347821,0.053962878709187,0.00142798096921837,0,0.00579857020255788,3758.03495367,54.834389514400000,3998.3184716184500,5.388023373952780
5577,SDSSJ140612.82+292303.0,9.3,27.9,,0.0,,,1.651291,0.022020000000000000,0.027030000000000000,0.023030000000000000,0.034910000000000000,-0.00012000000000000000,0.00082,1.0,-26.4106199405728,0.0,0.0,1,12535.380579236000,3.86841844675223E+28,3.79017379260936E+28,30.269591632303,7.953873,23.7021323159605,24.230247747594,1002.53549817548,30.7234380185324,0.21643579524824200,,,,,,,211.55344900000000,29.384175,434.135271716526,49.959444543915200,2122,54178,72,140612.82+292303.0,211.55345153808600,29.3841743469238,1.64919996261597,2122,72,54178,2,1,1,-26.4106199405728,46.498425110435800,0.00642696716601776,0,0,0.0,-27.0821277054881,-1.0,0.0,-1.0,45.786617881394700,0.00642696716601776,46.0480886784142,0.0161328259705975,0.0,-1.0,0.0,-1.0,0.0,-1.0,0.0,-1.0,0.0,-1.0,0.0,-1.0,0.0,-1.0,0.0,-1.0,0.0,-1.0,0.0,-1.0,0.0,-1.0,0.0,-1.0,0.0,-1.0,-999.0,-1.0,0,0.0,-1.0,0.0,-1.0,0.0,-1.0,0.0,-1.0,0.0,-1.0,0.0,-1.0,0.0,-1.0,0.0,0.0,-1.0,0.0,-1.0,0.0,-1.0,0.0,-1.0,0.0,-1.0,-999.0,-1.0,0,0.0,-1.0,43.9000426941907,0.0174997441585205,4346.75318331274,425.16953891274,35.0230095807401,1.64121351547338,43.89510853013790,0.0238975739310128,4346.75318331274,441.4095365135190,34.6273533672872,1.8812189081300400,5187.49296694426,94.45469556539960,8.69930184901286,-1.53172986958472,0.0495444103850976,311,11.6473115233109,0.889976254307893,44.4838748710189,0.040072354056011500,4991.72412109375,562.6951904296880,49.959444543915200,5.71074356997732,-2.24214771900531,0.23640491457099,280,8.71047549209571,0.950900008251806,300000.0,-1.0,300000.0,-1.0,300000.0,-1.0,300000.0,-1.0,-41.2221111022225,214.305597282193,434.135271716526,133.73591791499,0.0,-1.0,0.0,-1.0,9.04276810661742,0.0360871878442553,9.02963890239093,0.0850201574595986,9.124033048158290,0.0882945207489424,9.14198814970414,0.0982848603685835,9.124033048158290,0.0882945207489424,-0.725978482840013,0,0.00830149716958628,712.497095808,128.94395015800000,950.9493675508190,2.70883525411067
4743,SDSSJ144326.01+305657.6,11.0,68.0,13.0,94.0,28.0,6.18181818181818,1.6513489000000000,0.01705,0.0288,0.02743,0.03373,-0.008580000000000000,-0.00033,1.0,-26.712544571058200,0.0,1.0,0,12535.9240853855,3.86858617274997E+28,3.79033745424444E+28,30.8368575708985,7.9540467000000000,24.0890745306973,24.6171966012713,2443.70407430461,30.8442078707266,0.00350530055295785,,,,,,,220.858396,30.949340000000000,573.151931545886,65.8976873802614,1842,53501,200,144326.01+305657.6,220.8583984375,30.9493408203125,1.65359997749329,1842,200,53501,3,1,1,-26.712544571058200,46.7068904544273,0.00303148776291806,0,0,0.0,-26.9080450177326,-1.0,0.0,-1.0,45.995083225386100,0.00303148776291806,46.1871180818187,0.0146342676950724,0.0,-1.0,0.0,-1.0,0.0,-1.0,0.0,-1.0,0.0,-1.0,0.0,-1.0,0.0,-1.0,0.0,-1.0,0.0,-1.0,0.0,-1.0,0.0,-1.0,0.0,-1.0,0.0,-1.0,-999.0,-1.0,0,0.0,-1.0,0.0,-1.0,0.0,-1.0,0.0,-1.0,0.0,-1.0,0.0,-1.0,0.0,-1.0,0.0,0.0,-1.0,0.0,-1.0,0.0,-1.0,0.0,-1.0,0.0,-1.0,-999.0,-1.0,0,0.0,-1.0,44.0169800957689,0.0143042468919603,4372.17921299191,572.836996130023,29.1816340530439,1.06025225730973,44.0128978014829,0.0191835575624424,4374.14198910318,610.526917444053,28.9086168227633,1.22068395900922,5366.70927989505,69.0958735925182,4.60693162799251,-1.12439405699371,0.0265975647247808,311,15.526080698618100,0.836665793764086,44.742083477762600,0.0168692604984564,3519.81616210938,144.848388671875,65.8976873802614,3.3724867696589100,-2.2505946074641,0.162284306432282,280,12.2192697351487,1.47410610652484,300000.0,-1.0,300000.0,-1.0,300000.0,-1.0,300000.0,-1.0,628.5811841237400,187.16597377045800,573.151931545886,26.72807602027,0.0,-1.0,0.0,-1.0,9.20151771755938,0.0311204573419251,9.13893752291642,0.113811442895938,9.25873735288252,0.121249074285007,8.91221254562336,0.0365762228354014,9.25873735288252,0.121249074285007,-0.652217443572773,0,0.00808431486544273,207.16627514600000,162.54612470700000,442.20954521619800,2.0030199521452900
3006,SDSSJ144510.01+524538.7,11.0,55.0,6.5,36.7,8.7,5.0,1.651511,0.03926,0.01892,0.01429,0.02925,0.0071400000000000000,0.00448,1.0,-27.2345651472609,0.0,1.0,0,12537.445736054100,3.8690557541463E+28,3.79079565655582E+28,30.540115839851700,7.954533,23.9970333022046,24.5251739587476,1977.08786451802,31.0530161012077,0.244598126850582,,,,,,,221.29171000000000,52.760759,220.137360518518,40.733400184813,1327,52781,622,144510.01+524538.7,221.291717529297,52.7607574462891,1.64300000667572,1327,622,52781,1048578,1,1,-27.2345651472609,46.881697347362200,0.0052496109825526100,0,0,0.0,-26.694232565068100,-1.0,0.0,-1.0,46.169890118321,0.0052496109825526100,46.3760837539657,0.0123667046397387,0.0,-1.0,0.0,-1.0,0.0,-1.0,0.0,-1.0,0.0,-1.0,0.0,-1.0,0.0,-1.0,0.0,-1.0,0.0,-1.0,0.0,-1.0,0.0,-1.0,0.0,-1.0,0.0,-1.0,-999.0,-1.0,0,0.0,-1.0,0.0,-1.0,0.0,-1.0,0.0,-1.0,0.0,-1.0,0.0,-1.0,0.0,-1.0,0.0,0.0,-1.0,0.0,-1.0,0.0,-1.0,0.0,-1.0,0.0,-1.0,-999.0,-1.0,0,0.0,-1.0,44.277028916419500,0.0132313354968581,3731.63736896465,260.04772498097700,34.470989980220100,1.18018714688034,44.272264481799400,0.0183604023269268,3731.63736896465,227.759845467975,34.0948921939575,1.61002271004657,4232.46453058761,87.19149136410560,5.19410538068502,-1.55207967355112,0.0481187305750067,310,18.4660506949591,0.946126901790144,44.757781645305,0.024412564830655,6082.62109375,256.019287109375,40.733400184813,2.54391366833222,-1.67601105707086,0.19991432488228,281,14.354477981279600,0.950978475960969,300000.0,-1.0,300000.0,-1.0,300000.0,-1.0,300000.0,-1.0,-890.7154481144650,268.696817163778,220.137360518518,160.58348129656600,0.0,-1.0,0.0,-1.0,9.10366850621682,0.0173411790386776,9.088743926142450,0.0605865021571223,9.22913074034097,0.0531139956795664,9.48750591698143,0.0371420495341711,9.22913074034097,0.0531139956795664,-0.447803938096364,0,0.017330178363816,1595.37393191,104.23479304800000,1834.8460233161400,3.56182944099092
4753,SDSSJ144925.90+311041.4,13.0,78.1,9.2,124.0,22.0,6.007692307692310,1.650885,0.054440000000000000,0.0070600000000000000,0.0037600000000000000,0.051380000000000000,-0.0168,0.0069700000000000000,1.0,-26.464132061324,0.0,1.0,3,12531.5695772306,3.86724237153336E+28,3.78902621562188E+28,30.763275828329800,7.952655,24.1489161180881,24.6769849928016,2804.38092502011,30.7448428668329,-0.00879053530316142,,,,70.0,122,,222.357935,31.178179000000000,-583.718155940112,47.416929375278000,1843,53816,343,144925.90+311041.4,222.357940673828,31.1781787872314,1.64830005168915,1843,343,53816,1048579,1,1,-26.464132061324,46.531461708686300,0.0169346066171379,0,0,0.0,-27.101602222021600,-1.0,0.0,-1.0,45.8196544796451,0.0169346066171379,45.7902879097986,0.0227694287272406,0.0,-1.0,0.0,-1.0,0.0,-1.0,0.0,-1.0,0.0,-1.0,0.0,-1.0,0.0,-1.0,0.0,-1.0,0.0,-1.0,0.0,-1.0,0.0,-1.0,0.0,-1.0,0.0,-1.0,-999.0,-1.0,0,0.0,-1.0,0.0,-1.0,0.0,-1.0,0.0,-1.0,0.0,-1.0,0.0,-1.0,0.0,-1.0,0.0,0.0,-1.0,0.0,-1.0,0.0,-1.0,0.0,-1.0,0.0,-1.0,-999.0,-1.0,0,0.0,-1.0,44.0287059836705,0.0168195426584425,4100.41200602224,454.322813368126,45.7241698085319,2.81349743902423,44.0018082742014,0.0257030274228569,5180.50406084339,684.089276051963,42.978189800274700,3.45304350126732,6339.64739222569,160.518562755823,35.0671626301739,-0.863043470949304,0.0351845914575791,310,15.3898499440451,1.51668504986584,44.3153492342425,0.0241823129969951,5354.63525390625,434.3193359375,47.416929375278000,3.75820423254017,-0.343776681846071,0.32665545284498800,280,8.15542696408226,1.26685404424209,300000.0,-1.0,300000.0,-1.0,300000.0,-1.0,300000.0,-1.0,47.903563857837900,509.02146088098500,-583.718155940112,294.850480368974,0.0,-1.0,0.0,-1.0,9.2374659623563,0.0264696763587315,8.99548223275088,0.0966108232718891,9.29692981431926,0.115177354000405,9.06631237815522,0.0714781211152971,9.29692981431926,0.115177354000405,-0.865838650750561,0,0.0174922902112925,487.90561995800000,163.123234995,724.371528560664,2.05685755600825
4637,SDSSJ150951.87+075658.8,9.3,27.9,,0.0,,,1.651734,0.02793,0.02068,0.02194,0.04108,-0.00419,0.00131,1.0,-26.8633265999684,0.0,0.0,0,12539.539112794100,3.86970177020826E+28,3.79142601782026E+28,30.7485185364678,7.955202,23.7024192393106,24.2305854626032,1003.31539055891,30.9045206822907,0.07439620434599000,,,,,,,227.466148,7.949674000000000,583.842846429,59.522030739772800,1816,53919,539,150951.87+075658.8,227.46614074707,7.94967412948608,1.64849996566772,1816,539,53919,3,1,1,-26.8633265999684,46.6817695733538,0.00515845363180034,0,0,0.0,-26.9480015773346,-1.0,0.0,-1.0,45.9699623443126,0.00515845363180034,46.0150409193605,0.0208779846525111,0.0,-1.0,0.0,-1.0,0.0,-1.0,0.0,-1.0,0.0,-1.0,0.0,-1.0,0.0,-1.0,0.0,-1.0,0.0,-1.0,0.0,-1.0,0.0,-1.0,0.0,-1.0,0.0,-1.0,-999.0,-1.0,0,0.0,-1.0,0.0,-1.0,0.0,-1.0,0.0,-1.0,0.0,-1.0,0.0,-1.0,0.0,-1.0,0.0,0.0,-1.0,0.0,-1.0,0.0,-1.0,0.0,-1.0,0.0,-1.0,-999.0,-1.0,0,0.0,-1.0,44.09620066799890,0.0310643772273806,4630.92518234711,509.520623997453,37.673990918114700,2.80275123201708,44.083494176405500,0.0334258149951374,4630.92518234711,519.36838652967,36.5877023349065,2.91557554193257,5278.47571849429,75.6796895700604,8.01305041010476,-0.905853217191882,0.0325477430988357,310,12.6491450191675,1.50781364349625,44.5901693208446,0.037176854721082,5043.2509765625,361.02392578125,59.522030739772800,6.58732375745585,-1.16101315037244,0.341874168418963,281,7.5098028030142,0.9550995947391710,300000.0,-1.0,300000.0,-1.0,300000.0,-1.0,300000.0,-1.0,-271.280213887068,214.458794793078,583.842846429,106.940959877693,0.0,-1.0,0.0,-1.0,9.171543687990300,0.03082017755745,9.17631670125432,0.0956018771823609,9.29271218257184,0.0974666390007586,9.133392849843070,0.0631553480041388,9.29271218257184,0.0974666390007586,-0.711313154335585,0,0.0258638238216557,698.94416192,164.039755335,935.944052663656,2.11997069330344
1602,SDSSJ151450.99+544609.1,13.0,40.1,4.5,29.3,6.5,3.0846153846153800,1.6510260000000000,0.04278,0.01753,0.01411,0.022370000000000000,0.00813,0.00428,1.0,-26.4900350462354,0.0,1.0,1,12532.893080350800,3.86765080459626E+28,3.78942475180235E+28,30.315198449728200,7.9530780000000000,23.8595008116817,24.3875858559858,1440.24994604178,30.7552040607975,0.20983523772586900,,,,,,,228.71246300000000,54.769198000000000,487.610859580277,30.058805671722000,793,52370,560,151450.99+544609.1,228.712463378906,54.7691993713379,1.64209997653961,793,560,52370,1048579,1,1,-26.4900350462354,46.5898046093052,0.00465450248095678,0,0,0.0,-26.981270140153600,-1.0,0.0,-1.0,45.877997380264,0.00465450248095678,46.22098886754290,0.009832763384672210,0.0,-1.0,0.0,-1.0,0.0,-1.0,0.0,-1.0,0.0,-1.0,0.0,-1.0,0.0,-1.0,0.0,-1.0,0.0,-1.0,0.0,-1.0,0.0,-1.0,0.0,-1.0,0.0,-1.0,-999.0,-1.0,0,0.0,-1.0,0.0,-1.0,0.0,-1.0,0.0,-1.0,0.0,-1.0,0.0,-1.0,0.0,-1.0,0.0,0.0,-1.0,0.0,-1.0,0.0,-1.0,0.0,-1.0,0.0,-1.0,-999.0,-1.0,0,0.0,-1.0,43.9372096292127,0.0192234348045623,3694.2902093131900,194.482966622938,30.7499903087496,1.42625982613323,43.933883675116200,0.0276270446146469,3694.2902093131900,265.129118281349,30.515397331412900,2.09679871413308,4245.7814763486800,63.683286308866000,8.68594867656558,-1.60786159941751,0.0251762601825403,310,16.4489898311155,0.976859491315636,44.4333990033836,0.0232446474616914,5251.0810546875,200.220458984375,30.058805671722000,1.84253970069213,-2.3088582827718,0.142512707081738,280,13.8220230387538,1.00004601506898,300000.0,-1.0,300000.0,-1.0,300000.0,-1.0,300000.0,-1.0,-1146.40323234972,349.899230951285,487.61085958027700,80.21288385742320,0.0,-1.0,0.0,-1.0,8.925423629995,0.0216108537450687,8.934060708048470,0.0457853592879265,9.039420393680150,0.0624030191890088,9.277621543849210,0.0335262647952244,9.039420393680150,0.0624030191890088,-0.549986329492519,0,0.0049991349302914,1690.24446912,96.3968027122,1929.8579185883900,3.6625587198524100
8301,SDSSJ153512.10+540215.2,10.0,51.3,3.3,36.9,5.2,5.13,1.6501170000000000,0.028960000000000000,0.02696,0.015570000000000000,0.03205,-0.0276,0.0033400000000000000,0.0,-26.6360396396055,0.0,1.0,1,12524.3611241974,3.86501784292732E+28,3.78685558808275E+28,30.425379710353100,7.9503510000000000,23.9658847163259,24.4938655032721,1839.57506809285,30.8136058981455,0.185142035368263,,,,,,,233.80041700000000,54.037567,-90.4313662427577,55.417480241493400,616,52374,213,153512.10+540215.2,233.80041503906300,54.037567138671900,1.64709997177124,616,213,52374,4,1,0,-26.636039639605400,46.5539285160948,0.0136795595869152,0,0,0.0,-27.074493939702500,-1.0,0.0,-1.0,45.8421212870536,0.0136795595869152,45.7665268406525,0.0413683619770531,0.0,-1.0,0.0,-1.0,0.0,-1.0,0.0,-1.0,0.0,-1.0,0.0,-1.0,0.0,-1.0,0.0,-1.0,0.0,-1.0,0.0,-1.0,0.0,-1.0,0.0,-1.0,0.0,-1.0,-999.0,-1.0,0,0.0,-1.0,0.0,-1.0,0.0,-1.0,0.0,-1.0,0.0,-1.0,0.0,-1.0,0.0,-1.0,0.0,0.0,-1.0,0.0,-1.0,0.0,-1.0,0.0,-1.0,0.0,-1.0,-999.0,-1.0,0,0.0,-1.0,43.732224606993900,0.0400727320686833,6868.87949564339,995.492145406385,21.8600749772547,2.23888279123033,43.72479166742120,0.0425146999972519,6868.72456839869,1245.7326489252,21.4230982064845,2.40491146695067,6868.72456839869,142.130025405826,31.742990093428600,-0.914308188165272,0.0585626402171613,308,8.43174130011488,0.8175583056358690,44.364614219729800,0.0355497241665717,9237.5810546875,631.00244140625,55.417480241493400,6.4353541538703500,-0.257601540036449,0.558438596430223,280,5.428276063339080,0.833435818141345,300000.0,-1.0,300000.0,-1.0,300000.0,-1.0,300000.0,-1.0,1007.30044144698,801.209870021576,-90.4313662427577,294.587222772303,0.0,-1.0,0.0,-1.0,9.3210173798648,0.0720328211180164,9.45483243830146,0.126068438534168,9.5558674015449,0.15775806969433,9.52737574977493,0.0632532303916385,9.5558674015449,0.15775806969433,-1.10230943056765,0,0.00417560074797132,569.223223283,158.847294635,806.1376992612150,2.16014923809854
2558,SDSSJ153745.03+481502.9,9.6,28.8,,0.0,,,1.6516531000000000,0.0131,0.02646,0.03619,0.02955,-0.00785,-0.0040100000000000000,1.0,-26.7542449830127,0.0,0.0,2,12538.7796701878,3.86946740621996E+28,3.79119733317175E+28,30.2835857563942,7.9549593000000000,23.7161551321758,24.2443120806046,1035.53335492688,30.8608880355084,0.27531094588367600,,,,,,,234.43763400000000,48.250815,-58.2886418372198,43.10570592781770,1167,52738,195,153745.03+481502.9,234.437637329102,48.250816345214800,1.65190005302429,1167,195,52738,3,1,1,-26.7542449830127,46.673597605322500,0.00623743040548064,0,0,0.0,-26.9446972473113,-1.0,0.0,-1.0,45.9617903762813,0.00623743040548064,46.0745918846819,0.0234159342825002,0.0,-1.0,0.0,-1.0,0.0,-1.0,0.0,-1.0,0.0,-1.0,0.0,-1.0,0.0,-1.0,0.0,-1.0,0.0,-1.0,0.0,-1.0,0.0,-1.0,0.0,-1.0,0.0,-1.0,-999.0,-1.0,0,0.0,-1.0,0.0,-1.0,0.0,-1.0,0.0,-1.0,0.0,-1.0,0.0,-1.0,0.0,-1.0,0.0,0.0,-1.0,0.0,-1.0,0.0,-1.0,0.0,-1.0,0.0,-1.0,-999.0,-1.0,0,0.0,-1.0,43.9758125804224,0.0286150858196592,4563.68685709744,700.976766587064,28.762552103007500,1.96621644909166,43.964308998571200,0.0334079795246396,4563.68685709744,753.427980202082,28.010691897342900,2.20370072941376,5402.49036955839,46.2310408668735,11.099387834173900,-1.07158807995314,0.0391810823439829,310,12.227317139565700,0.886492868739865,44.4775886922206,0.0351637759486394,2803.29467773438,192.5361328125,43.105705927817700,4.04509802375407,-1.69487455169104,0.38795833988328500,280,8.43003800365099,1.32684871699596,300000.0,-1.0,300000.0,-1.0,300000.0,-1.0,300000.0,-1.0,394.180684993175,240.814000730069,-58.2886418372198,80.35631225385190,0.0,-1.0,0.0,-1.0,9.18664801438562,0.0430848361447386,9.159526862393610,0.133450658301931,9.27494170754736,0.143449186119749,8.65487120384711,0.0609337149387512,9.27494170754736,0.143449186119749,-0.701714647342442,0,0.00933476170617719,249.761210221,134.919817994,487.561506787823,2.33106725158644
5781,SDSSJ154631.77+191407.8,16.6,49.8,,0.0,,,1.651212,0.01789,0.03868,0.015310000000000000,0.02851,-0.00533,-0.00018,1.0,-26.5760381407605,0.0,0.0,1,12534.6390142324,3.86818959979212E+28,3.78995049106973E+28,30.521171856884300,7.953636,23.9537062802295,24.4818126533165,1789.22379380498,30.7896052986075,0.12801381082544800,,,,,,,236.6324,19.235513,508.99841991320300,50.7627703166537,2168,53886,123,154631.77+191407.8,236.632400512695,19.2355136871338,1.64629995822907,2168,123,53886,1048579,1,1,-26.5760381407605,46.7338372153138,0.00290951891108548,0,0,0.0,-26.897946026782200,-1.0,0.0,-1.0,46.0220299862726,0.00290951891108548,45.9762343007726,0.021821841094809,0.0,-1.0,0.0,-1.0,0.0,-1.0,0.0,-1.0,0.0,-1.0,0.0,-1.0,0.0,-1.0,0.0,-1.0,0.0,-1.0,0.0,-1.0,0.0,-1.0,0.0,-1.0,0.0,-1.0,-999.0,-1.0,0,0.0,-1.0,0.0,-1.0,0.0,-1.0,0.0,-1.0,0.0,-1.0,0.0,-1.0,0.0,-1.0,0.0,0.0,-1.0,0.0,-1.0,0.0,-1.0,0.0,-1.0,0.0,-1.0,-999.0,-1.0,0,0.0,-1.0,44.0214469275419,0.0215056761159502,5980.414304396000,414.527975445572,28.209358200405900,1.62231246283351,44.0155246067124,0.022952048553794,5980.414304396000,415.802949343508,27.827288120239,1.55379960827393,6926.45332251172,43.97029996813440,4.86583737475983,-0.866958320152748,0.0255959390070319,310,17.0150523146067,1.09284410050091,44.5112904843221,0.0716004846504035,7022.38232421875,2594.5380859375,50.7627703166537,9.404519355606,-0.679649185724093,0.341408859504691,280,8.603490094346600,0.957045183220762,300000.0,-1.0,300000.0,-1.0,300000.0,-1.0,300000.0,-1.0,-342.496288906784,268.12140193509,508.99841991320300,160.382789137978,0.0,-1.0,0.0,-1.0,9.43983039350598,0.0309939360986632,9.42447753632394,0.0602231721171295,9.547121134676650,0.0604177104107668,9.40037312012055,0.321123244233896,9.547121134676650,0.0604177104107668,-0.913654464480437,0,0.00302588349165352,780.261765245,107.75939145300000,1019.53690729136,2.8998517799559
3619,SDSSJ160025.19+302751.2,9.1,27.3,,0.0,,,1.6511019,0.03739,0.02166,0.013580000000000000,0.0271,0.0033300000000000000,0.0024,1.0,-26.135250157379800,0.0,0.0,4,12533.605529049100,3.86787066626455E+28,3.78963928587359E+28,30.2600425606782,7.9533057,23.6925682589093,24.2206620069136,980.649968130492,30.6132901052552,0.16846099374110000,,,,,,,240.10499500000000,30.464225,647.980314633542,19.4722749055017,1579,53473,628,160025.19+302751.2,240.10499572753900,30.464225769043,1.64590001106262,1579,628,53473,1048579,1,1,-26.135250157379800,46.453393181184,0.00448141025567495,0,0,0.0,-27.1219679032973,-1.0,0.0,-1.0,45.7415859521428,0.00448141025567495,45.93872635675490,0.0208311387380356,0.0,-1.0,0.0,-1.0,0.0,-1.0,0.0,-1.0,0.0,-1.0,0.0,-1.0,0.0,-1.0,0.0,-1.0,0.0,-1.0,0.0,-1.0,0.0,-1.0,0.0,-1.0,0.0,-1.0,-999.0,-1.0,0,0.0,-1.0,0.0,-1.0,0.0,-1.0,0.0,-1.0,0.0,-1.0,0.0,-1.0,0.0,-1.0,0.0,0.0,-1.0,0.0,-1.0,0.0,-1.0,0.0,-1.0,0.0,-1.0,-999.0,-1.0,0,0.0,-1.0,43.7951947457322,0.029316601492706,4129.11139385137,547.771313635836,30.4207542678476,2.0627877415906800,43.7849938160237,0.035348352812921,4129.11139385137,566.378029346299,29.714542515942300,2.30855045806904,5332.94229875344,53.2668932249998,7.2254542256357,-1.57707453398547,0.0499664944668671,310,10.0322373094972,1.12768814526103,44.0336852931289,0.0337780366457281,4396.17529296875,391.163330078125,19.4722749055017,1.90436879671002,-1.08366785843702,0.29942705888379,280,7.93125825339712,0.984414516311449,300000.0,-1.0,300000.0,-1.0,300000.0,-1.0,300000.0,-1.0,-436.866360863203,187.869473813787,647.980314633542,213.72914797479300,0.0,-1.0,0.0,-1.0,9.038867038126120,0.0488816165343769,8.96250617465316,0.115249510527035,9.051496488910290,0.119174179529704,8.973674971365200,0.0780700023301108,9.051496488910290,0.119174179529704,-0.698473852843868,0,0.0035723187019269100,1368.84632264,86.21661248380000,1608.68568013942,3.44224633126138
1632,SDSSJ163021.64+411147.0,8.5,43.5,4.3,44.3,7.7,5.11764705882353,1.651073,0.02765,0.02607,0.02052,0.02556,0.00012000000000000000,-0.00016,1.0,-27.116656479935600,0.0,1.0,4,12533.3342533093,3.86778695057125E+28,3.78955759874873E+28,30.5051047183449,7.953219,23.8948761458539,24.4229665798305,1562.49483882352,31.005852634277600,0.23880276827634,,,,,,,247.590194,41.196401,476.916506266878,44.98693468332370,816,52379,135,163021.64+411147.0,247.590194702148,41.1963996887207,1.64649999141693,816,135,52379,1048578,1,1,-27.116656479935600,46.7785153507575,0.00995378320638451,0,0,0.0,-26.7979778665378,-1.0,0.0,-1.0,46.066708121716300,0.00995378320638451,46.348591722069000,0.012310283132603,0.0,-1.0,0.0,-1.0,0.0,-1.0,0.0,-1.0,0.0,-1.0,0.0,-1.0,0.0,-1.0,0.0,-1.0,0.0,-1.0,0.0,-1.0,0.0,-1.0,0.0,-1.0,0.0,-1.0,-999.0,-1.0,0,0.0,-1.0,0.0,-1.0,0.0,-1.0,0.0,-1.0,0.0,-1.0,0.0,-1.0,0.0,-1.0,0.0,0.0,-1.0,0.0,-1.0,0.0,-1.0,0.0,-1.0,0.0,-1.0,-999.0,-1.0,0,0.0,-1.0,44.1262057724102,0.0177231973182543,4560.92874472535,360.242858129013,30.8587999358603,1.54690835328169,44.1232768383187,0.0216105874502546,4560.92874472535,329.365322084048,30.651384689542100,1.50827581307753,5160.4361891526200,107.945208639739,15.4830945567271,-1.56645689360268,0.0516867330543281,310,17.603196048175500,0.992724910074853,44.739509551368000,0.0315488110703406,5247.57666015625,201.447265625,44.986934683323700,3.60196841394549,-2.21081076348274,0.157571718797511,280,13.5802814061359,0.953321170530252,300000.0,-1.0,300000.0,-1.0,300000.0,-1.0,300000.0,-1.0,-384.379222041266,241.589632743742,476.916506266878,80.2272151693756,0.0,-1.0,0.0,-1.0,9.21188183817633,0.02695714641643,9.21146063550256,0.0687853846611221,9.339465610108520,0.0630276042989908,9.34467119623435,0.0339762661490343,9.339465610108520,0.0630276042989908,-0.661320804468609,0,0.0050893768045766,859.643235158,108.125232134,1098.90120326008,2.9584669241224000
2261,SDSSJ172057.26+284745.4,8.9,26.7,,0.0,,,1.650686,0.050790000000000000,0.01554,0.01124,0.0077,0.010030000000000000,0.0036800000000000000,1.0,-26.2831851005061,0.0,0.0,4,12529.7016946051,3.86666594295513E+28,3.78846375446504E+28,30.2501546623209,7.952058,23.6826473985081,24.2106934508463,958.397037253536,30.672464082505800,0.20139606257070100,,,,,,,260.238597,28.795948,583.842846429,26.4388648370992,980,52431,531,172057.26+284745.4,260.23858642578100,28.7959480285645,1.64100003242493,980,531,52431,1048578,1,1,-26.2831851005061,46.5147933897531,0.007316127453307790,0,0,0.0,-27.046764269740700,-1.0,0.0,-1.0,45.802986160711900,0.007316127453307790,46.062718179970400,0.0240070519312958,0.0,-1.0,0.0,-1.0,0.0,-1.0,0.0,-1.0,0.0,-1.0,0.0,-1.0,0.0,-1.0,0.0,-1.0,0.0,-1.0,0.0,-1.0,0.0,-1.0,0.0,-1.0,0.0,-1.0,-999.0,-1.0,0,0.0,-1.0,0.0,-1.0,0.0,-1.0,0.0,-1.0,0.0,-1.0,0.0,-1.0,0.0,-1.0,0.0,0.0,-1.0,0.0,-1.0,0.0,-1.0,0.0,-1.0,0.0,-1.0,-999.0,-1.0,0,0.0,-1.0,43.6564320964857,0.0494361715821405,2980.1538945468600,394.810531297914,18.995823068855600,2.3059754780991800,43.6564320964857,0.0576989385533366,2980.1538945468600,405.413479135758,18.995823068855600,2.69672669311309,3403.43944366871,71.9835124189092,10.96250769789,-1.72128592689743,0.0532559141364902,310,10.243155997031600,1.40112087855709,44.2651039291264,0.103314349302998,6634.880859375,2263.35864257813,26.4388648370992,6.423649765166500,-1.56111822998656,0.326100414327533,280,8.4794405057881,1.08642813332395,300000.0,-1.0,300000.0,-1.0,300000.0,-1.0,300000.0,-1.0,-1102.63847069068,376.915560353871,583.842846429,320.65103525993,0.0,-1.0,0.0,-1.0,8.68683745344881,0.046084008157260900,8.70997046342576,0.115128720879666,8.80632880271119,0.118247935143562,9.396906892925970,0.296575044569308,8.80632880271119,0.118247935143562,-0.391905958075661,0,0.0333599860650761,3177.19492992,47.3617545153,3417.53868705205,4.94347955906587
1375,SDSSJ213109.57+104714.2,8.7,26.1,,0.0,,,1.651736,0.026910000000000000,0.028030000000000000,0.01935,0.02298,-0.0027200000000000000,0.00281,1.0,-26.252724288905400,0.0,0.0,0,12539.5578877407,3.86970756415678E+28,3.79143167136356E+28,30.240880894469000,7.955208,23.6734568385612,24.2016232911423,938.588660019793,30.6602797578655,0.200008040781333,,,,,,,322.789885,10.787284,177.319424470056,46.723089592890200,730,52466,31,213109.57+104714.2,322.789886474609,10.7872838973999,1.6498999595642100,730,31,52466,1048578,1,1,-26.2527242889055,46.5438332323071,0.00592854502294671,0,-1,0.0,-27.0267601441291,-1.0,0.0,-1.0,45.832026003266,0.00592854502294671,45.9564304061164,0.036513558675761,0.0,-1.0,0.0,-1.0,0.0,-1.0,0.0,-1.0,0.0,-1.0,0.0,-1.0,0.0,-1.0,0.0,-1.0,0.0,-1.0,0.0,-1.0,0.0,-1.0,0.0,-1.0,0.0,-1.0,-999.0,-1.0,0,0.0,-1.0,0.0,-1.0,0.0,-1.0,0.0,-1.0,0.0,-1.0,0.0,-1.0,0.0,-1.0,0.0,0.0,-1.0,0.0,-1.0,0.0,-1.0,0.0,-1.0,0.0,-1.0,-999.0,-1.0,0,0.0,-1.0,43.797561109354900,0.0242228472349524,5244.68708540984,588.037678638665,24.6911544759212,1.6208083971417,43.790458418856500,0.0321627778623075,5244.44307447796,519.5081453577630,24.2996078228928,2.14014434351028,5244.44307447796,80.8773605149279,11.6832881503521,-1.6617938812406800,0.0449014958715692,311,12.050442936676,1.17505010949684,44.488313920005700,0.0523887470217694,4953.658203125,1470.2770996093800,46.723089592890200,6.36182223647146,-0.119412557623144,0.478104464748539,280,7.40491093449543,0.995769658655558,300000.0,-1.0,300000.0,-1.0,300000.0,-1.0,300000.0,-1.0,-66.7022672540403,580.0321124450060,177.319424470056,454.458648150737,0.0,-1.0,0.0,-1.0,9.080404851839380,0.0383307132535045,9.215452165478110,0.0974318545570908,9.315254873519470,0.0861198425152259,9.086760190141930,0.258528024645505,9.315254873519470,0.0861198425152259,-0.871792186329891,0,0.00522784883598929,575.031623521,101.30939182600000,814.682329169445,2.78883837378165
214,SDSSJ215800.38+002724.2,8.5,25.5,,0.0,,,1.650432,0.04607,0.013640000000000000,0.011340000000000000,0.034260000000000000,-0.00615,0.00294,0.0,-26.9646003518118,0.0,0.0,4,12527.3176314172,3.86593022105535E+28,3.78774585944639E+28,30.230039105657400,7.951296,23.6625117086968,24.1905286284788,914.914772952989,30.945030183028000,0.34097365787525200,,,,,,,329.501589,0.456736,776.214009039619,41.691971198919,372,52173,429,215800.38+002724.2,329.501586914063,0.456735998392105,1.64530003070831,372,429,52173,1179652,1,0,-26.9646003518118,46.600055988775400,0.00612424348750906,0,0,0.0,-26.9665980045263,-1.0,0.0,-1.0,45.8882487597342,0.00612424348750906,46.1521815374786,0.0258463716781066,0.0,-1.0,0.0,-1.0,0.0,-1.0,0.0,-1.0,0.0,-1.0,0.0,-1.0,0.0,-1.0,0.0,-1.0,0.0,-1.0,0.0,-1.0,0.0,-1.0,0.0,-1.0,0.0,-1.0,-999.0,-1.0,0,0.0,-1.0,0.0,-1.0,0.0,-1.0,0.0,-1.0,0.0,-1.0,0.0,-1.0,0.0,-1.0,0.0,0.0,-1.0,0.0,-1.0,0.0,-1.0,0.0,-1.0,0.0,-1.0,-999.0,-1.0,0,0.0,-1.0,44.0159942759909,0.0225693802859226,3718.5856284883900,388.906274014319,35.8180166648198,1.97684358039007,44.0027433588469,0.0294465667441379,3718.5856284883900,473.45778161008700,34.741664103614300,2.15733502793052,6248.68746691851,154.239801789769,11.0912160428989,-1.68335668115643,0.0393200860027607,310,13.2546755073465,1.112621570645,44.522879338124,0.0474258169495094,6076.47998046875,793.447021484375,41.691971198919,5.2156648477572500,-1.98257776379213,0.244256438691238,280,8.86784920449936,0.921538168711483,300000.0,-1.0,300000.0,-1.0,300000.0,-1.0,300000.0,-1.0,-396.70549291059800,187.802360041363,776.214009039619,133.544919061273,0.0,-1.0,0.0,-1.0,9.26744181660737,0.037146251937387500,8.94487995288663,0.0908925039961381,9.05146980405473,0.110655653965079,9.36796035769939,0.114241788402844,9.05146980405473,0.110655653965079,-0.551784360396873,0,0.00750913873478332,1359.16565558,124.16802417,1598.09695911268,3.29342446107471
7712,SDSSJ234607.49-002908.7,7.6,22.8,,0.0,,,1.651123,0.03327,0.021520000000000000,0.01768,0.030660000000000000,-0.00298,-0.00396,0.0,-26.256992615989200,0.0,0.0,0,12533.8035891262,3.86793178760435E+28,3.78969892613976E+28,30.181826757994200,7.953369,23.6143541283677,24.1424502959335,819.034710738302,30.661987088699000,0.228984709752042,,,,,,,356.531222,-0.485763,177.319424470056,55.34190641733020,385,51877,32,234607.49-002908.7,356.53121948242200,-0.485763013362885,1.64779996871948,385,32,51877,1179652,2,0,-26.256992615989200,46.4999400925529,0.00430586192529248,0,0,0.0,-27.1312455643211,-1.0,0.0,-1.0,45.788132863511700,0.00430586192529248,45.645012477488600,0.0433803942927185,0.0,-1.0,0.0,-1.0,0.0,-1.0,0.0,-1.0,0.0,-1.0,0.0,-1.0,0.0,-1.0,0.0,-1.0,0.0,-1.0,0.0,-1.0,0.0,-1.0,0.0,-1.0,0.0,-1.0,-999.0,-1.0,0,0.0,-1.0,0.0,-1.0,0.0,-1.0,0.0,-1.0,0.0,-1.0,0.0,-1.0,0.0,-1.0,0.0,0.0,-1.0,0.0,-1.0,0.0,-1.0,0.0,-1.0,0.0,-1.0,-999.0,-1.0,0,0.0,-1.0,43.851821890337700,0.0238599560444932,5049.64274468057,688.777098204684,32.6708457013317,1.80202793545923,43.83378107880420,0.0254298140526323,5049.6455596625,596.251188781203,31.341484636735,1.66068222640808,5230.41215174251,61.7065851586034,7.28456365711025,-0.883701100505672,0.0404603207714978,310,10.6031944241205,1.11258066497546,44.2961693427667,0.0341802779041842,3452.0751953125,873.197631835938,55.34190641733020,6.01488165911902,0.645842865442259,0.512162302824526,281,6.03118826523928,1.22535020430288,300000.0,-1.0,300000.0,-1.0,300000.0,-1.0,300000.0,-1.0,-432.36548163392200,214.65044569488400,177.319424470056,133.831519756254,0.0,-1.0,0.0,-1.0,9.050864178152540,0.0411135212669478,9.16058773868537,0.118496096800184,9.25516416651164,0.102595838810886,8.60801710752241,0.220908088247348,9.25516416651164,0.102595838810886,-0.855594619076307,0,0.00906308322777794,120.040271584,141.712362597,357.33173085321900,2.21156059773573